target_cumulative_incidence	individuals_sampled	mu	prob_infected_donates	optimal_depth	achieved_prob	converged	relative_error	annual_reads
1e-6	2000	0.001	0.1	999999992550	0.001	FALSE	0.9989473684210526	51999999612600
1e-5	2000	0.001	0.1	999999992550	0.018	FALSE	0.9810526315789474	51999999612600
5e-5	2000	0.001	0.1	999999992550	0.1035	FALSE	0.8910526315789473	51999999612600
1e-4	2000	0.001	0.1	999999992550	0.19	FALSE	0.8	51999999612600
5e-4	2000	0.001	0.1	999999992550	0.672	FALSE	0.29263157894736835	51999999612600
0.001	2000	0.001	0.1	999999992550	0.895	FALSE	0.0578947368421052	51999999612600
1e-6	10000	0.001	0.1	999999992550	0.009	FALSE	0.9905263157894737	51999999612600
1e-5	10000	0.001	0.1	999999992550	0.0955	FALSE	0.8994736842105263	51999999612600
5e-5	10000	0.001	0.1	999999992550	0.4035	FALSE	0.5752631578947368	51999999612600
1e-4	10000	0.001	0.1	999999992550	0.6825	FALSE	0.28157894736842104	51999999612600
5e-4	10000	0.001	0.1	728609720	0.946	TRUE	0.004210526315789478	37887705440
0.001	10000	0.001	0.1	204535886	0.928	TRUE	0.02315789473684201	10635866072
1e-6	50000	0.001	0.1	999999992550	0.038	FALSE	0.96	51999999612600
1e-5	50000	0.001	0.1	999999992550	0.406	FALSE	0.5726315789473684	51999999612600
5e-5	50000	0.001	0.1	997046403618	0.954	TRUE	0.004210526315789478	51846412988136
1e-4	50000	0.001	0.1	3660770784	0.952	TRUE	0.002105263157894739	190360080768
5e-4	50000	0.001	0.1	303986236	0.94	TRUE	0.010526315789473694	15807284272
0.001	50000	0.001	0.1	132220550	0.946	TRUE	0.004210526315789478	6875468600
1e-6	100000	0.001	0.1	999999992550	0.069	FALSE	0.9273684210526316	51999999612600
1e-5	100000	0.001	0.1	999999992550	0.664	FALSE	0.3010526315789473	51999999612600
5e-5	100000	0.001	0.1	10154741470	0.968	TRUE	0.01894736842105265	528046556440
1e-4	100000	0.001	0.1	2136083984	0.946	TRUE	0.004210526315789478	111076367168
5e-4	100000	0.001	0.1	260683461	0.952	TRUE	0.002105263157894739	13555539972
0.001	100000	0.001	0.1	117721722	0.94	TRUE	0.010526315789473694	6121529544
1e-6	2000	1e-4	0.1	999999992550	0.002	FALSE	0.9978947368421053	51999999612600
1e-5	2000	1e-4	0.1	999999992550	0.02	FALSE	0.9789473684210526	51999999612600
5e-5	2000	1e-4	0.1	999999992550	0.1	FALSE	0.8947368421052632	51999999612600
1e-4	2000	1e-4	0.1	999999992550	0.1805	FALSE	0.8099999999999999	51999999612600
5e-4	2000	1e-4	0.1	999999992550	0.6605	FALSE	0.30473684210526314	51999999612600
0.001	2000	1e-4	0.1	999999992550	0.885	FALSE	0.0684210526315789	51999999612600
1e-6	10000	1e-4	0.1	999999992550	0.008	FALSE	0.991578947368421	51999999612600
1e-5	10000	1e-4	0.1	999999992550	0.093	FALSE	0.9021052631578947	51999999612600
5e-5	10000	1e-4	0.1	999999992550	0.411	FALSE	0.5673684210526315	51999999612600
1e-4	10000	1e-4	0.1	999999992550	0.662	FALSE	0.303157894736842	51999999612600
5e-4	10000	1e-4	0.1	11718767334	0.968	TRUE	0.01894736842105265	609375901368
0.001	10000	1e-4	0.1	2167287016	0.948	TRUE	0.002105263157894739	112698924832
1e-6	50000	1e-4	0.1	999999992550	0.0345	FALSE	0.9636842105263158	51999999612600
1e-5	50000	1e-4	0.1	999999992550	0.3955	FALSE	0.5836842105263158	51999999612600
5e-5	50000	1e-4	0.1	999999038876	0.942	TRUE	0.008421052631578956	51999950021552
1e-4	50000	1e-4	0.1	43610649434	0.958	TRUE	0.008421052631578956	2267753770568
5e-4	50000	1e-4	0.1	3017070428	0.95	TRUE	0	156887662256
0.001	50000	1e-4	0.1	1295524390	0.946	TRUE	0.004210526315789478	67367268280
1e-6	100000	1e-4	0.1	999999992550	0.0725	FALSE	0.9236842105263158	51999999612600
1e-5	100000	1e-4	0.1	999999992550	0.632	FALSE	0.3347368421052631	51999999612600
5e-5	100000	1e-4	0.1	78882278772	0.962	TRUE	0.012631578947368433	4101878496144
1e-4	100000	1e-4	0.1	23491906454	0.952	TRUE	0.002105263157894739	1221579135608
5e-4	100000	1e-4	0.1	2600493570	0.948	TRUE	0.002105263157894739	135225665640
0.001	100000	1e-4	0.1	1198577436	0.938	TRUE	0.012631578947368433	62326026672
1e-6	2000	1e-5	0.1	999999992550	0.002	FALSE	0.9978947368421053	51999999612600
1e-5	2000	1e-5	0.1	999999992550	0.016	FALSE	0.9831578947368421	51999999612600
5e-5	2000	1e-5	0.1	999999992550	0.1025	FALSE	0.8921052631578947	51999999612600
1e-4	2000	1e-5	0.1	999999992550	0.204	FALSE	0.7852631578947369	51999999612600
5e-4	2000	1e-5	0.1	999999992550	0.6525	FALSE	0.3131578947368421	51999999612600
0.001	2000	1e-5	0.1	999999992550	0.8805	FALSE	0.07315789473684212	51999999612600
1e-6	10000	1e-5	0.1	999999992550	0.008	FALSE	0.991578947368421	51999999612600
1e-5	10000	1e-5	0.1	999999992550	0.1015	FALSE	0.893157894736842	51999999612600
5e-5	10000	1e-5	0.1	999999992550	0.413	FALSE	0.5652631578947368	51999999612600
1e-4	10000	1e-5	0.1	999999992550	0.647	FALSE	0.3189473684210526	51999999612600
5e-4	10000	1e-5	0.1	93771757308	0.972	TRUE	0.023157894736842127	4876131380016
0.001	10000	1e-5	0.1	23590164708	0.956	TRUE	0.0063157894736842165	1226688564816
1e-6	50000	1e-5	0.1	999999992550	0.0235	FALSE	0.9752631578947368	51999999612600
1e-5	50000	1e-5	0.1	999999992550	0.3005	FALSE	0.6836842105263158	51999999612600
5e-5	50000	1e-5	0.1	999999992550	0.882	FALSE	0.071578947368421	51999999612600
1e-4	50000	1e-5	0.1	439471257868	0.964	TRUE	0.014736842105263171	22852505409136
5e-4	50000	1e-5	0.1	30628415206	0.95	TRUE	0	1592677590712
0.001	50000	1e-5	0.1	12795927562	0.944	TRUE	0.0063157894736842165	665388233224
1e-6	100000	1e-5	0.1	999999992550	0.031	FALSE	0.9673684210526315	51999999612600
1e-5	100000	1e-5	0.1	999999992550	0.3895	FALSE	0.5900000000000001	51999999612600
5e-5	100000	1e-5	0.1	808625156112	0.94	TRUE	0.010526315789473694	42048508117824
1e-4	100000	1e-5	0.1	208941877348	0.938	TRUE	0.012631578947368433	10864977622096
5e-4	100000	1e-5	0.1	25634633807	0.93	TRUE	0.02105263157894727	1333000957964
0.001	100000	1e-5	0.1	12056144522	0.948	TRUE	0.002105263157894739	626919515144
1e-6	2000	1e-6	0.1	999999992550	0.001	FALSE	0.9989473684210526	51999999612600
1e-5	2000	1e-6	0.1	999999992550	0.0165	FALSE	0.9826315789473684	51999999612600
5e-5	2000	1e-6	0.1	999999992550	0.0955	FALSE	0.8994736842105263	51999999612600
1e-4	2000	1e-6	0.1	999999992550	0.1745	FALSE	0.8163157894736842	51999999612600
5e-4	2000	1e-6	0.1	999999992550	0.626	FALSE	0.34105263157894733	51999999612600
0.001	2000	1e-6	0.1	999999992550	0.863	FALSE	0.09157894736842102	51999999612600
1e-6	10000	1e-6	0.1	999999992550	0.0025	FALSE	0.9973684210526317	51999999612600
1e-5	10000	1e-6	0.1	999999992550	0.0445	FALSE	0.9531578947368421	51999999612600
5e-5	10000	1e-6	0.1	999999992550	0.209	FALSE	0.78	51999999612600
1e-4	10000	1e-6	0.1	999999992550	0.415	FALSE	0.5631578947368421	51999999612600
5e-4	10000	1e-6	0.1	799169624370	0.93	TRUE	0.02105263157894727	41556820467240
0.001	10000	1e-6	0.1	220724121078	0.954	TRUE	0.004210526315789478	11477654296056
1e-6	50000	1e-6	0.1	999999992550	5e-4	FALSE	0.9994736842105264	51999999612600
1e-5	50000	1e-6	0.1	999999992550	0.007	FALSE	0.9926315789473684	51999999612600
5e-5	50000	1e-6	0.1	999999992550	0.138	FALSE	0.8547368421052631	51999999612600
1e-4	50000	1e-6	0.1	999999992550	0.496	FALSE	0.47789473684210526	51999999612600
5e-4	50000	1e-6	0.1	304271757110	0.96	TRUE	0.010526315789473694	15822131369720
0.001	50000	1e-6	0.1	126463891360	0.94	TRUE	0.010526315789473694	6576122350720
1e-6	100000	1e-6	0.1	999999992550	0	FALSE	1	51999999612600
1e-5	100000	1e-6	0.1	999999992550	0	FALSE	1	51999999612600
5e-5	100000	1e-6	0.1	999999992550	0.0855	FALSE	0.9099999999999999	51999999612600
1e-4	100000	1e-6	0.1	999999992550	0.5615	FALSE	0.4089473684210526	51999999612600
5e-4	100000	1e-6	0.1	266052335390	0.948	TRUE	0.002105263157894739	13834721440280
0.001	100000	1e-6	0.1	121597485088	0.958	TRUE	0.008421052631578956	6323069224576
1e-6	2000	1e-7	0.1	999999992550	0	FALSE	1	51999999612600
1e-5	2000	1e-7	0.1	999999992550	0.001	FALSE	0.9989473684210526	51999999612600
5e-5	2000	1e-7	0.1	999999992550	0.017	FALSE	0.9821052631578947	51999999612600
1e-4	2000	1e-7	0.1	999999992550	0.029	FALSE	0.9694736842105263	51999999612600
5e-4	2000	1e-7	0.1	999999992550	0.2125	FALSE	0.7763157894736842	51999999612600
0.001	2000	1e-7	0.1	999999992550	0.467	FALSE	0.5084210526315789	51999999612600
1e-6	10000	1e-7	0.1	999999992550	0	FALSE	1	51999999612600
1e-5	10000	1e-7	0.1	999999992550	0	FALSE	1	51999999612600
5e-5	10000	1e-7	0.1	999999992550	0	FALSE	1	51999999612600
1e-4	10000	1e-7	0.1	999999992550	0	FALSE	1	51999999612600
5e-4	10000	1e-7	0.1	999999992550	0.09	FALSE	0.9052631578947369	51999999612600
0.001	10000	1e-7	0.1	999999992550	0.549	FALSE	0.42210526315789465	51999999612600
1e-6	50000	1e-7	0.1	999999992550	0	FALSE	1	51999999612600
1e-5	50000	1e-7	0.1	999999992550	0	FALSE	1	51999999612600
5e-5	50000	1e-7	0.1	999999992550	0	FALSE	1	51999999612600
1e-4	50000	1e-7	0.1	999999992550	0	FALSE	1	51999999612600
5e-4	50000	1e-7	0.1	999999992550	0.004	FALSE	0.9957894736842106	51999999612600
0.001	50000	1e-7	0.1	999999992550	0.6645	FALSE	0.3005263157894737	51999999612600
1e-6	100000	1e-7	0.1	999999992550	0	FALSE	1	51999999612600
1e-5	100000	1e-7	0.1	999999992550	0	FALSE	1	51999999612600
5e-5	100000	1e-7	0.1	999999992550	0	FALSE	1	51999999612600
1e-4	100000	1e-7	0.1	999999992550	0	FALSE	1	51999999612600
5e-4	100000	1e-7	0.1	999999992550	0	FALSE	1	51999999612600
0.001	100000	1e-7	0.1	999999992550	0.719	FALSE	0.2431578947368421	51999999612600
1e-6	2000	1e-8	0.1	999999992550	0	FALSE	1	51999999612600
1e-5	2000	1e-8	0.1	999999992550	0	FALSE	1	51999999612600
5e-5	2000	1e-8	0.1	999999992550	0	FALSE	1	51999999612600
1e-4	2000	1e-8	0.1	999999992550	0	FALSE	1	51999999612600
5e-4	2000	1e-8	0.1	999999992550	0	FALSE	1	51999999612600
0.001	2000	1e-8	0.1	999999992550	0	FALSE	1	51999999612600
1e-6	10000	1e-8	0.1	999999992550	0	FALSE	1	51999999612600
1e-5	10000	1e-8	0.1	999999992550	0	FALSE	1	51999999612600
5e-5	10000	1e-8	0.1	999999992550	0	FALSE	1	51999999612600
1e-4	10000	1e-8	0.1	999999992550	0	FALSE	1	51999999612600
5e-4	10000	1e-8	0.1	999999992550	0	FALSE	1	51999999612600
0.001	10000	1e-8	0.1	999999992550	0	FALSE	1	51999999612600
1e-6	50000	1e-8	0.1	999999992550	0	FALSE	1	51999999612600
1e-5	50000	1e-8	0.1	999999992550	0	FALSE	1	51999999612600
5e-5	50000	1e-8	0.1	999999992550	0	FALSE	1	51999999612600
1e-4	50000	1e-8	0.1	999999992550	0	FALSE	1	51999999612600
5e-4	50000	1e-8	0.1	999999992550	0	FALSE	1	51999999612600
0.001	50000	1e-8	0.1	999999992550	0	FALSE	1	51999999612600
1e-6	100000	1e-8	0.1	999999992550	0	FALSE	1	51999999612600
1e-5	100000	1e-8	0.1	999999992550	0	FALSE	1	51999999612600
5e-5	100000	1e-8	0.1	999999992550	0	FALSE	1	51999999612600
1e-4	100000	1e-8	0.1	999999992550	0	FALSE	1	51999999612600
5e-4	100000	1e-8	0.1	999999992550	0	FALSE	1	51999999612600
0.001	100000	1e-8	0.1	999999992550	0	FALSE	1	51999999612600
1e-6	2000	1.2600000000000001e-5	0.1	999999992550	0.0015	FALSE	0.998421052631579	51999999612600
1e-5	2000	1.2600000000000001e-5	0.1	999999992550	0.0215	FALSE	0.9773684210526317	51999999612600
5e-5	2000	1.2600000000000001e-5	0.1	999999992550	0.1035	FALSE	0.8910526315789473	51999999612600
1e-4	2000	1.2600000000000001e-5	0.1	999999992550	0.191	FALSE	0.7989473684210525	51999999612600
5e-4	2000	1.2600000000000001e-5	0.1	999999992550	0.6645	FALSE	0.3005263157894737	51999999612600
0.001	2000	1.2600000000000001e-5	0.1	999999992550	0.8895	FALSE	0.06368421052631579	51999999612600
1e-6	10000	1.2600000000000001e-5	0.1	999999992550	0.008	FALSE	0.991578947368421	51999999612600
1e-5	10000	1.2600000000000001e-5	0.1	999999992550	0.103	FALSE	0.891578947368421	51999999612600
5e-5	10000	1.2600000000000001e-5	0.1	999999992550	0.3815	FALSE	0.598421052631579	51999999612600
1e-4	10000	1.2600000000000001e-5	0.1	999999992550	0.643	FALSE	0.32315789473684203	51999999612600
5e-4	10000	1.2600000000000001e-5	0.1	60773553404	0.941	TRUE	0.009473684210526325	3160224777008
0.001	10000	1.2600000000000001e-5	0.1	18304856998	0.956	TRUE	0.0063157894736842165	951852563896
1e-6	50000	1.2600000000000001e-5	0.1	999999992550	0.0295	FALSE	0.9689473684210527	51999999612600
1e-5	50000	1.2600000000000001e-5	0.1	999999992550	0.337	FALSE	0.6452631578947369	51999999612600
5e-5	50000	1.2600000000000001e-5	0.1	999999992550	0.8815	FALSE	0.07210526315789474	51999999612600
1e-4	50000	1.2600000000000001e-5	0.1	361379652151	0.962	TRUE	0.012631578947368433	18791741911852
5e-4	50000	1.2600000000000001e-5	0.1	23815604376	0.95	TRUE	0	1238411427552
0.001	50000	1.2600000000000001e-5	0.1	10320889414	0.9505	TRUE	5.263157894737432e-4	536686249528
1e-6	100000	1.2600000000000001e-5	0.1	999999992550	0.043	FALSE	0.9547368421052631	51999999612600
1e-5	100000	1.2600000000000001e-5	0.1	999999992550	0.4475	FALSE	0.5289473684210526	51999999612600
5e-5	100000	1.2600000000000001e-5	0.1	781250039440	0.954	TRUE	0.004210526315789478	40625002050880
1e-4	100000	1.2600000000000001e-5	0.1	171428025604	0.964	TRUE	0.014736842105263171	8914257331408
5e-4	100000	1.2600000000000001e-5	0.1	21484392236	0.956	TRUE	0.0063157894736842165	1117188396272
0.001	100000	1.2600000000000001e-5	0.1	9398284030	0.96	TRUE	0.010526315789473694	488710769560
1e-6	2000	0.001	0.2	999999992550	5e-4	FALSE	0.9994736842105264	51999999612600
1e-5	2000	0.001	0.2	999999992550	0.0345	FALSE	0.9636842105263158	51999999612600
5e-5	2000	0.001	0.2	999999992550	0.1835	FALSE	0.8068421052631579	51999999612600
1e-4	2000	0.001	0.2	999999992550	0.3425	FALSE	0.6394736842105263	51999999612600
5e-4	2000	0.001	0.2	999999992550	0.895	FALSE	0.0578947368421052	51999999612600
0.001	2000	0.001	0.2	336098236	0.964	TRUE	0.014736842105263171	17477108272
1e-6	10000	0.001	0.2	999999992550	0.0205	FALSE	0.978421052631579	51999999612600
1e-5	10000	0.001	0.2	999999992550	0.1955	FALSE	0.7942105263157895	51999999612600
5e-5	10000	0.001	0.2	999999992550	0.675	FALSE	0.2894736842105262	51999999612600
1e-4	10000	0.001	0.2	999999992550	0.8925	FALSE	0.060526315789473685	51999999612600
5e-4	10000	0.001	0.2	237273736	0.95	TRUE	0	12338234272
0.001	10000	0.001	0.2	80826448	0.95	TRUE	0	4202975296
1e-6	50000	0.001	0.2	999999992550	0.08	FALSE	0.9157894736842106	51999999612600
1e-5	50000	0.001	0.2	999999992550	0.6735	FALSE	0.29105263157894734	51999999612600
5e-5	50000	0.001	0.2	4326241734	0.968	TRUE	0.01894736842105265	224964570168
1e-4	50000	0.001	0.2	1069891011	0.936	TRUE	0.014736842105263055	55634332572
5e-4	50000	0.001	0.2	129583046	0.958	TRUE	0.008421052631578956	6738318392
0.001	50000	0.001	0.2	60277746	0.948	TRUE	0.002105263157894739	3134442792
1e-6	100000	0.001	0.2	999999992550	0.147	FALSE	0.8452631578947368	51999999612600
1e-5	100000	0.001	0.2	999999992550	0.884	FALSE	0.06947368421052626	51999999612600
5e-5	100000	0.001	0.2	2220528864	0.952	TRUE	0.002105263157894739	115467500928
1e-4	100000	0.001	0.2	836926260	0.948	TRUE	0.002105263157894739	43520165520
5e-4	100000	0.001	0.2	120776458	0.962	TRUE	0.012631578947368433	6280375816
0.001	100000	0.001	0.2	55732892	0.938	TRUE	0.012631578947368433	2898110384
1e-6	2000	1e-4	0.2	999999992550	0.003	FALSE	0.9968421052631579	51999999612600
1e-5	2000	1e-4	0.2	999999992550	0.0445	FALSE	0.9531578947368421	51999999612600
5e-5	2000	1e-4	0.2	999999992550	0.1985	FALSE	0.7910526315789473	51999999612600
1e-4	2000	1e-4	0.2	999999992550	0.3425	FALSE	0.6394736842105263	51999999612600
5e-4	2000	1e-4	0.2	999999992550	0.881	FALSE	0.07263157894736837	51999999612600
0.001	2000	1e-4	0.2	3128560916	0.958	TRUE	0.008421052631578956	162685167632
1e-6	10000	1e-4	0.2	999999992550	0.016	FALSE	0.9831578947368421	51999999612600
1e-5	10000	1e-4	0.2	999999992550	0.1885	FALSE	0.8015789473684211	51999999612600
5e-5	10000	1e-4	0.2	999999992550	0.677	FALSE	0.2873684210526315	51999999612600
1e-4	10000	1e-4	0.2	999999992550	0.8815	FALSE	0.07210526315789474	51999999612600
5e-4	10000	1e-4	0.2	2564447660	0.968	TRUE	0.01894736842105265	133351278320
0.001	10000	1e-4	0.2	825482168	0.956	TRUE	0.0063157894736842165	42925072736
1e-6	50000	1e-4	0.2	999999992550	0.083	FALSE	0.9126315789473685	51999999612600
1e-5	50000	1e-4	0.2	999999992550	0.64	FALSE	0.32631578947368417	51999999612600
5e-5	50000	1e-4	0.2	40624933598	0.946	TRUE	0.004210526315789478	2112496547096
1e-4	50000	1e-4	0.2	10604831040	0.94	TRUE	0.010526315789473694	551451214080
5e-4	50000	1e-4	0.2	1298862252	0.93	TRUE	0.02105263157894727	67540837104
0.001	50000	1e-4	0.2	590580264	0.948	TRUE	0.002105263157894739	30710173728
1e-6	100000	1e-4	0.2	999999992550	0.141	FALSE	0.851578947368421	51999999612600
1e-5	100000	1e-4	0.2	999999992550	0.8615	FALSE	0.09315789473684202	51999999612600
5e-5	100000	1e-4	0.2	21415235948	0.958	TRUE	0.008421052631578956	1113592269296
1e-4	100000	1e-4	0.2	8032190288	0.95	TRUE	0	417673894976
5e-4	100000	1e-4	0.2	1186373386	0.94	TRUE	0.010526315789473694	61691416072
0.001	100000	1e-4	0.2	572251836	0.962	TRUE	0.012631578947368433	29757095472
1e-6	2000	1e-5	0.2	999999992550	0.002	FALSE	0.9978947368421053	51999999612600
1e-5	2000	1e-5	0.2	999999992550	0.045	FALSE	0.9526315789473684	51999999612600
5e-5	2000	1e-5	0.2	999999992550	0.202	FALSE	0.7873684210526316	51999999612600
1e-4	2000	1e-5	0.2	999999992550	0.35	FALSE	0.631578947368421	51999999612600
5e-4	2000	1e-5	0.2	999999992550	0.9025	FALSE	0.04999999999999999	51999999612600
0.001	2000	1e-5	0.2	30516209464	0.944	TRUE	0.0063157894736842165	1586842892128
1e-6	10000	1e-5	0.2	999999992550	0.0135	FALSE	0.9857894736842105	51999999612600
1e-5	10000	1e-5	0.2	999999992550	0.1805	FALSE	0.8099999999999999	51999999612600
5e-5	10000	1e-5	0.2	999999992550	0.656	FALSE	0.30947368421052623	51999999612600
1e-4	10000	1e-5	0.2	999999992550	0.872	FALSE	0.0821052631578947	51999999612600
5e-4	10000	1e-5	0.2	24414079706	0.968	TRUE	0.01894736842105265	1269532144712
0.001	10000	1e-5	0.2	7797243682	0.932	TRUE	0.018947368421052532	405456671464
1e-6	50000	1e-5	0.2	999999992550	0.052	FALSE	0.9452631578947368	51999999612600
1e-5	50000	1e-5	0.2	999999992550	0.509	FALSE	0.46421052631578946	51999999612600
5e-5	50000	1e-5	0.2	423402754768	0.948	TRUE	0.002105263157894739	22016943247936
1e-4	50000	1e-5	0.2	110265032902	0.954	TRUE	0.004210526315789478	5733781710904
5e-4	50000	1e-5	0.2	12994977272	0.95	TRUE	0	675738818144
0.001	50000	1e-5	0.2	5897226440	0.94	TRUE	0.010526315789473694	306655774880
1e-6	100000	1e-5	0.2	999999992550	0.056	FALSE	0.9410526315789474	51999999612600
1e-5	100000	1e-5	0.2	999999992550	0.6645	FALSE	0.3005263157894737	51999999612600
5e-5	100000	1e-5	0.2	234651699864	0.958	TRUE	0.008421052631578956	12201888392928
1e-4	100000	1e-5	0.2	79793499670	0.944	TRUE	0.0063157894736842165	4149261982840
5e-4	100000	1e-5	0.2	12037339256	0.96	TRUE	0.010526315789473694	625941641312
0.001	100000	1e-5	0.2	5722257008	0.932	TRUE	0.018947368421052532	297557364416
1e-6	2000	1e-6	0.2	999999992550	0.005	FALSE	0.9947368421052631	51999999612600
1e-5	2000	1e-6	0.2	999999992550	0.0355	FALSE	0.9626315789473684	51999999612600
5e-5	2000	1e-6	0.2	999999992550	0.186	FALSE	0.8042105263157895	51999999612600
1e-4	2000	1e-6	0.2	999999992550	0.3265	FALSE	0.6563157894736842	51999999612600
5e-4	2000	1e-6	0.2	999999992550	0.8685	FALSE	0.08578947368421043	51999999612600
0.001	2000	1e-6	0.2	279849424708	0.948	TRUE	0.002105263157894739	14552170084816
1e-6	10000	1e-6	0.2	999999992550	0.0115	FALSE	0.9878947368421053	51999999612600
1e-5	10000	1e-6	0.2	999999992550	0.077	FALSE	0.9189473684210526	51999999612600
5e-5	10000	1e-6	0.2	999999992550	0.389	FALSE	0.5905263157894737	51999999612600
1e-4	10000	1e-6	0.2	999999992550	0.6885	FALSE	0.2752631578947368	51999999612600
5e-4	10000	1e-6	0.2	221401900388	0.968	TRUE	0.01894736842105265	11512898820176
0.001	10000	1e-6	0.2	78544618464	0.942	TRUE	0.008421052631578956	4084320160128
1e-6	50000	1e-6	0.2	999999992550	0	FALSE	1	51999999612600
1e-5	50000	1e-6	0.2	999999992550	0.022	FALSE	0.9768421052631578	51999999612600
5e-5	50000	1e-6	0.2	999999992550	0.5085	FALSE	0.46473684210526317	51999999612600
1e-4	50000	1e-6	0.2	999511592096	0.94	TRUE	0.010526315789473694	51974602788992
5e-4	50000	1e-6	0.2	136779801238	0.962	TRUE	0.012631578947368433	7112549664376
0.001	50000	1e-6	0.2	58227541030	0.931	TRUE	0.019999999999999903	3027832133560
1e-6	100000	1e-6	0.2	999999992550	0	FALSE	1	51999999612600
1e-5	100000	1e-6	0.2	999999992550	0.003	FALSE	0.9968421052631579	51999999612600
5e-5	100000	1e-6	0.2	999999992550	0.5545	FALSE	0.4163157894736842	51999999612600
1e-4	100000	1e-6	0.2	780760879028	0.932	TRUE	0.018947368421052532	40599565709456
5e-4	100000	1e-6	0.2	120865435749	0.93	TRUE	0.02105263157894727	6285002658948
0.001	100000	1e-6	0.2	56816609695	0.954	TRUE	0.004210526315789478	2954463704140
1e-6	2000	1e-7	0.2	999999992550	0	FALSE	1	51999999612600
1e-5	2000	1e-7	0.2	999999992550	0.0085	FALSE	0.9910526315789474	51999999612600
5e-5	2000	1e-7	0.2	999999992550	0.0295	FALSE	0.9689473684210527	51999999612600
1e-4	2000	1e-7	0.2	999999992550	0.0545	FALSE	0.9426315789473684	51999999612600
5e-4	2000	1e-7	0.2	999999992550	0.4585	FALSE	0.5173684210526316	51999999612600
0.001	2000	1e-7	0.2	999999992550	0.8125	FALSE	0.1447368421052631	51999999612600
1e-6	10000	1e-7	0.2	999999992550	0	FALSE	1	51999999612600
1e-5	10000	1e-7	0.2	999999992550	0	FALSE	1	51999999612600
5e-5	10000	1e-7	0.2	999999992550	0	FALSE	1	51999999612600
1e-4	10000	1e-7	0.2	999999992550	0.0035	FALSE	0.9963157894736843	51999999612600
5e-4	10000	1e-7	0.2	999999992550	0.5625	FALSE	0.40789473684210525	51999999612600
0.001	10000	1e-7	0.2	814577231176	0.954	TRUE	0.004210526315789478	42358016021152
1e-6	50000	1e-7	0.2	999999992550	0	FALSE	1	51999999612600
1e-5	50000	1e-7	0.2	999999992550	0	FALSE	1	51999999612600
5e-5	50000	1e-7	0.2	999999992550	0	FALSE	1	51999999612600
1e-4	50000	1e-7	0.2	999999992550	0	FALSE	1	51999999612600
5e-4	50000	1e-7	0.2	999999992550	0.643	FALSE	0.32315789473684203	51999999612600
0.001	50000	1e-7	0.2	604524146994	0.962	TRUE	0.012631578947368433	31435255643688
1e-6	100000	1e-7	0.2	999999992550	0	FALSE	1	51999999612600
1e-5	100000	1e-7	0.2	999999992550	0	FALSE	1	51999999612600
5e-5	100000	1e-7	0.2	999999992550	0	FALSE	1	51999999612600
1e-4	100000	1e-7	0.2	999999992550	0	FALSE	1	51999999612600
5e-4	100000	1e-7	0.2	999999992550	0.703	FALSE	0.26	51999999612600
0.001	100000	1e-7	0.2	562059622912	0.946	TRUE	0.004210526315789478	29227100391424
1e-6	2000	1e-8	0.2	999999992550	0	FALSE	1	51999999612600
1e-5	2000	1e-8	0.2	999999992550	0	FALSE	1	51999999612600
5e-5	2000	1e-8	0.2	999999992550	0	FALSE	1	51999999612600
1e-4	2000	1e-8	0.2	999999992550	0	FALSE	1	51999999612600
5e-4	2000	1e-8	0.2	999999992550	0	FALSE	1	51999999612600
0.001	2000	1e-8	0.2	999999992550	5e-4	FALSE	0.9994736842105264	51999999612600
1e-6	10000	1e-8	0.2	999999992550	0	FALSE	1	51999999612600
1e-5	10000	1e-8	0.2	999999992550	0	FALSE	1	51999999612600
5e-5	10000	1e-8	0.2	999999992550	0	FALSE	1	51999999612600
1e-4	10000	1e-8	0.2	999999992550	0	FALSE	1	51999999612600
5e-4	10000	1e-8	0.2	999999992550	0	FALSE	1	51999999612600
0.001	10000	1e-8	0.2	999999992550	0	FALSE	1	51999999612600
1e-6	50000	1e-8	0.2	999999992550	0	FALSE	1	51999999612600
1e-5	50000	1e-8	0.2	999999992550	0	FALSE	1	51999999612600
5e-5	50000	1e-8	0.2	999999992550	0	FALSE	1	51999999612600
1e-4	50000	1e-8	0.2	999999992550	0	FALSE	1	51999999612600
5e-4	50000	1e-8	0.2	999999992550	0	FALSE	1	51999999612600
0.001	50000	1e-8	0.2	999999992550	0	FALSE	1	51999999612600
1e-6	100000	1e-8	0.2	999999992550	0	FALSE	1	51999999612600
1e-5	100000	1e-8	0.2	999999992550	0	FALSE	1	51999999612600
5e-5	100000	1e-8	0.2	999999992550	0	FALSE	1	51999999612600
1e-4	100000	1e-8	0.2	999999992550	0	FALSE	1	51999999612600
5e-4	100000	1e-8	0.2	999999992550	0	FALSE	1	51999999612600
0.001	100000	1e-8	0.2	999999992550	0	FALSE	1	51999999612600
1e-6	2000	1.2600000000000001e-5	0.2	999999992550	0.0055	FALSE	0.9942105263157895	51999999612600
1e-5	2000	1.2600000000000001e-5	0.2	999999992550	0.051	FALSE	0.9463157894736841	51999999612600
5e-5	2000	1.2600000000000001e-5	0.2	999999992550	0.199	FALSE	0.7905263157894736	51999999612600
1e-4	2000	1.2600000000000001e-5	0.2	999999992550	0.345	FALSE	0.6368421052631579	51999999612600
5e-4	2000	1.2600000000000001e-5	0.2	999999992550	0.887	FALSE	0.06631578947368416	51999999612600
0.001	2000	1.2600000000000001e-5	0.2	22553923070	0.946	TRUE	0.004210526315789478	1172803999640
1e-6	10000	1.2600000000000001e-5	0.2	999999992550	0.0195	FALSE	0.9794736842105264	51999999612600
1e-5	10000	1.2600000000000001e-5	0.2	999999992550	0.1845	FALSE	0.8057894736842105	51999999612600
5e-5	10000	1.2600000000000001e-5	0.2	999999992550	0.647	FALSE	0.3189473684210526	51999999612600
1e-4	10000	1.2600000000000001e-5	0.2	999999992550	0.877	FALSE	0.07684210526315785	51999999612600
5e-4	10000	1.2600000000000001e-5	0.2	18556850530	0.962	TRUE	0.012631578947368433	964956227560
0.001	10000	1.2600000000000001e-5	0.2	6222250566	0.95	TRUE	0	323557029432
1e-6	50000	1.2600000000000001e-5	0.2	999999992550	0.062	FALSE	0.9347368421052631	51999999612600
1e-5	50000	1.2600000000000001e-5	0.2	999999992550	0.558	FALSE	0.41263157894736835	51999999612600
5e-5	50000	1.2600000000000001e-5	0.2	323864891436	0.946	TRUE	0.004210526315789478	16840974354672
1e-4	50000	1.2600000000000001e-5	0.2	88288830396	0.948	TRUE	0.002105263157894739	4591019180592
5e-4	50000	1.2600000000000001e-5	0.2	10517674148	0.953	TRUE	0.0031578947368421082	546919055696
0.001	50000	1.2600000000000001e-5	0.2	4770475148	0.966	TRUE	0.01684210526315791	248064707696
1e-6	100000	1.2600000000000001e-5	0.2	999999992550	0.078	FALSE	0.9178947368421053	51999999612600
1e-5	100000	1.2600000000000001e-5	0.2	999999992550	0.703	FALSE	0.26	51999999612600
5e-5	100000	1.2600000000000001e-5	0.2	181906536952	0.952	TRUE	0.002105263157894739	9459139921504
1e-4	100000	1.2600000000000001e-5	0.2	65257372370	0.962	TRUE	0.012631578947368433	3393383363240
5e-4	100000	1.2600000000000001e-5	0.2	9887712664	0.956	TRUE	0.0063157894736842165	514161058528
0.001	100000	1.2600000000000001e-5	0.2	4519539596	0.948	TRUE	0.002105263157894739	235016058992
1e-6	2000	0.001	0.25	999999992550	0.0055	FALSE	0.9942105263157895	51999999612600
1e-5	2000	0.001	0.25	999999992550	0.0565	FALSE	0.9405263157894737	51999999612600
5e-5	2000	0.001	0.25	999999992550	0.2235	FALSE	0.7647368421052632	51999999612600
1e-4	2000	0.001	0.25	999999992550	0.425	FALSE	0.5526315789473684	51999999612600
5e-4	2000	0.001	0.25	304099529492	0.94	TRUE	0.010526315789473694	15813175533584
0.001	2000	0.001	0.25	172185464	0.96	TRUE	0.010526315789473694	8953644128
1e-6	10000	0.001	0.25	999999992550	0.018	FALSE	0.9810526315789474	51999999612600
1e-5	10000	0.001	0.25	999999992550	0.225	FALSE	0.7631578947368421	51999999612600
5e-5	10000	0.001	0.25	999999992550	0.7485	FALSE	0.21210526315789463	51999999612600
1e-4	10000	0.001	0.25	933577351936	0.942	TRUE	0.008421052631578956	48546022300672
5e-4	10000	0.001	0.25	164079232	0.96	TRUE	0.010526315789473694	8532120064
0.001	10000	0.001	0.25	61112210	0.943	TRUE	0.007368421052631586	3177834920
1e-6	50000	0.001	0.25	999999992550	0.0825	FALSE	0.9131578947368421	51999999612600
1e-5	50000	0.001	0.25	999999992550	0.747	FALSE	0.21368421052631575	51999999612600
5e-5	50000	0.001	0.25	2282860422	0.932	TRUE	0.018947368421052532	118708741944
1e-4	50000	0.001	0.25	765937128	0.946	TRUE	0.004210526315789478	39828730656
5e-4	50000	0.001	0.25	100823805	0.954	TRUE	0.004210526315789478	5242837860
0.001	50000	0.001	0.25	46985910	0.938	TRUE	0.012631578947368433	2443267320
1e-6	100000	0.001	0.25	999999992550	0.18	FALSE	0.8105263157894738	51999999612600
1e-5	100000	0.001	0.25	999511711304	0.932	TRUE	0.018947368421052532	51974608987808
5e-5	100000	0.001	0.25	1625093370	0.952	TRUE	0.002105263157894739	84504855240
1e-4	100000	0.001	0.25	593947926	0.958	TRUE	0.008421052631578956	30885292152
5e-4	100000	0.001	0.25	95414684	0.95	TRUE	0	4961563568
0.001	100000	0.001	0.25	45793818	0.958	TRUE	0.008421052631578956	2381278536
1e-6	2000	1e-4	0.25	999999992550	0.003	FALSE	0.9968421052631579	51999999612600
1e-5	2000	1e-4	0.25	999999992550	0.0485	FALSE	0.9489473684210527	51999999612600
5e-5	2000	1e-4	0.25	999999992550	0.2265	FALSE	0.761578947368421	51999999612600
1e-4	2000	1e-4	0.25	999999992550	0.442	FALSE	0.5347368421052632	51999999612600
5e-4	2000	1e-4	0.25	734268168782	0.938	TRUE	0.012631578947368433	38181944776664
0.001	2000	1e-4	0.25	1812088040	0.958	TRUE	0.008421052631578956	94228578080
1e-6	10000	1e-4	0.25	999999992550	0.0215	FALSE	0.9773684210526317	51999999612600
1e-5	10000	1e-4	0.25	999999992550	0.2415	FALSE	0.7457894736842104	51999999612600
5e-5	10000	1e-4	0.25	999999992550	0.747	FALSE	0.21368421052631575	51999999612600
1e-4	10000	1e-4	0.25	980467282430	0.928	TRUE	0.02315789473684201	50984298686360
5e-4	10000	1e-4	0.25	1547205001	0.956	TRUE	0.0063157894736842165	80454660052
0.001	10000	1e-4	0.25	590937892	0.946	TRUE	0.004210526315789478	30728770384
1e-6	50000	1e-4	0.25	999999992550	0.1055	FALSE	0.8889473684210526	51999999612600
1e-5	50000	1e-4	0.25	999999992550	0.7285	FALSE	0.23315789473684204	51999999612600
5e-5	50000	1e-4	0.25	24089457914	0.942	TRUE	0.008421052631578956	1252651811528
1e-4	50000	1e-4	0.25	7860290495	0.946	TRUE	0.004210526315789478	408735105740
5e-4	50000	1e-4	0.25	1007023014	0.947	TRUE	0.0031578947368421082	52365196728
0.001	50000	1e-4	0.25	469851058	0.964	TRUE	0.014736842105263171	24432255016
1e-6	100000	1e-4	0.25	999999992550	0.158	FALSE	0.8336842105263158	51999999612600
1e-5	100000	1e-4	0.25	999999992550	0.921	FALSE	0.030526315789473596	51999999612600
5e-5	100000	1e-4	0.25	15890183456	0.959	TRUE	0.009473684210526325	826289539712
1e-4	100000	1e-4	0.25	6096127138	0.95	TRUE	0	316998611176
5e-4	100000	1e-4	0.25	947284257	0.954	TRUE	0.004210526315789478	49258781364
0.001	100000	1e-4	0.25	444355174	0.95	TRUE	0	23106469048
1e-6	2000	1e-5	0.25	999999992550	0.0025	FALSE	0.9973684210526317	51999999612600
1e-5	2000	1e-5	0.25	999999992550	0.037	FALSE	0.9610526315789474	51999999612600
5e-5	2000	1e-5	0.25	999999992550	0.233	FALSE	0.7547368421052632	51999999612600
1e-4	2000	1e-5	0.25	999999992550	0.427	FALSE	0.5505263157894736	51999999612600
5e-4	2000	1e-5	0.25	932491146704	0.942	TRUE	0.008421052631578956	48489539628608
0.001	2000	1e-5	0.25	15535476216	0.94	TRUE	0.010526315789473694	807844763232
1e-6	10000	1e-5	0.25	999999992550	0.021	FALSE	0.9778947368421053	51999999612600
1e-5	10000	1e-5	0.25	999999992550	0.243	FALSE	0.7442105263157894	51999999612600
5e-5	10000	1e-5	0.25	999999992550	0.724	FALSE	0.23789473684210524	51999999612600
1e-4	10000	1e-5	0.25	999999992550	0.938	TRUE	0.012631578947368433	51999999612600
5e-4	10000	1e-5	0.25	15098320858	0.95	TRUE	0	785112684616
0.001	10000	1e-5	0.25	5920412648	0.95	TRUE	0	307861457696
1e-6	50000	1e-5	0.25	999999992550	0.059	FALSE	0.9378947368421053	51999999612600
1e-5	50000	1e-5	0.25	999999992550	0.608	FALSE	0.36	51999999612600
5e-5	50000	1e-5	0.25	252854838988	0.944	TRUE	0.0063157894736842165	13148451627376
1e-4	50000	1e-5	0.25	80343367414	0.956	TRUE	0.0063157894736842165	4177855105528
5e-4	50000	1e-5	0.25	10203065936	0.952	TRUE	0.002105263157894739	530559428672
0.001	50000	1e-5	0.25	4653366924	0.944	TRUE	0.0063157894736842165	241975080048
1e-6	100000	1e-5	0.25	999999992550	0.0705	FALSE	0.9257894736842105	51999999612600
1e-5	100000	1e-5	0.25	999999992550	0.7665	FALSE	0.1931578947368421	51999999612600
5e-5	100000	1e-5	0.25	158264325036	0.96	TRUE	0.010526315789473694	8229744901872
1e-4	100000	1e-5	0.25	60374246994	0.944	TRUE	0.0063157894736842165	3139460843688
5e-4	100000	1e-5	0.25	9437921118	0.954	TRUE	0.004210526315789478	490771898136
0.001	100000	1e-5	0.25	4548358441	0.948	TRUE	0.002105263157894739	236514638932
1e-6	2000	1e-6	0.25	999999992550	0.0035	FALSE	0.9963157894736843	51999999612600
1e-5	2000	1e-6	0.25	999999992550	0.0465	FALSE	0.9510526315789474	51999999612600
5e-5	2000	1e-6	0.25	999999992550	0.212	FALSE	0.7768421052631579	51999999612600
1e-4	2000	1e-6	0.25	999999992550	0.3915	FALSE	0.5878947368421052	51999999612600
5e-4	2000	1e-6	0.25	999999992550	0.9115	FALSE	0.04052631578947366	51999999612600
0.001	2000	1e-6	0.25	164582387516	0.95	TRUE	0	8558284150832
1e-6	10000	1e-6	0.25	999999992550	0.007	FALSE	0.9926315789473684	51999999612600
1e-5	10000	1e-6	0.25	999999992550	0.092	FALSE	0.9031578947368422	51999999612600
5e-5	10000	1e-6	0.25	999999992550	0.4765	FALSE	0.49842105263157893	51999999612600
1e-4	10000	1e-6	0.25	999999992550	0.771	FALSE	0.18842105263157888	51999999612600
5e-4	10000	1e-6	0.25	152480066848	0.932	TRUE	0.018947368421052532	7928963476096
0.001	10000	1e-6	0.25	59787007136	0.936	TRUE	0.014736842105263055	3108924371072
1e-6	50000	1e-6	0.25	999999992550	0	FALSE	1	51999999612600
1e-5	50000	1e-6	0.25	999999992550	0.037	FALSE	0.9610526315789474	51999999612600
5e-5	50000	1e-6	0.25	999999992550	0.668	FALSE	0.2968421052631578	51999999612600
1e-4	50000	1e-6	0.25	774485091140	0.94	TRUE	0.010526315789473694	40273224739280
5e-4	50000	1e-6	0.25	101847843866	0.944	TRUE	0.0063157894736842165	5296087881032
0.001	50000	1e-6	0.25	47036813788	0.958	TRUE	0.008421052631578956	2445914316976
1e-6	100000	1e-6	0.25	999999992550	0	FALSE	1	51999999612600
1e-5	100000	1e-6	0.25	999999992550	0.012	FALSE	0.9873684210526316	51999999612600
5e-5	100000	1e-6	0.25	999999992550	0.7565	FALSE	0.2036842105263158	51999999612600
1e-4	100000	1e-6	0.25	602241095408	0.95	TRUE	0	31316536961216
5e-4	100000	1e-6	0.25	93852268279	0.93	TRUE	0.02105263157894727	4880317950508
0.001	100000	1e-6	0.25	44822903590	0.958	TRUE	0.008421052631578956	2330790986680
1e-6	2000	1e-7	0.25	999999992550	0.001	FALSE	0.9989473684210526	51999999612600
1e-5	2000	1e-7	0.25	999999992550	0.007	FALSE	0.9926315789473684	51999999612600
5e-5	2000	1e-7	0.25	999999992550	0.0395	FALSE	0.958421052631579	51999999612600
1e-4	2000	1e-7	0.25	999999992550	0.094	FALSE	0.9010526315789474	51999999612600
5e-4	2000	1e-7	0.25	999999992550	0.5665	FALSE	0.40368421052631576	51999999612600
0.001	2000	1e-7	0.25	999999992550	0.8905	FALSE	0.06263157894736843	51999999612600
1e-6	10000	1e-7	0.25	999999992550	0	FALSE	1	51999999612600
1e-5	10000	1e-7	0.25	999999992550	0	FALSE	1	51999999612600
5e-5	10000	1e-7	0.25	999999992550	5e-4	FALSE	0.9994736842105264	51999999612600
1e-4	10000	1e-7	0.25	999999992550	0.006	FALSE	0.9936842105263158	51999999612600
5e-4	10000	1e-7	0.25	999999992550	0.771	FALSE	0.18842105263157888	51999999612600
0.001	10000	1e-7	0.25	578124043094	0.94	TRUE	0.010526315789473694	30062450240888
1e-6	50000	1e-7	0.25	999999992550	0	FALSE	1	51999999612600
1e-5	50000	1e-7	0.25	999999992550	0	FALSE	1	51999999612600
5e-5	50000	1e-7	0.25	999999992550	0	FALSE	1	51999999612600
1e-4	50000	1e-7	0.25	999999992550	0	FALSE	1	51999999612600
5e-4	50000	1e-7	0.25	998015381416	0.942	TRUE	0.008421052631578956	51896799833632
0.001	50000	1e-7	0.25	464353559308	0.946	TRUE	0.004210526315789478	24146385084016
1e-6	100000	1e-7	0.25	999999992550	0	FALSE	1	51999999612600
1e-5	100000	1e-7	0.25	999999992550	0	FALSE	1	51999999612600
5e-5	100000	1e-7	0.25	999999992550	0	FALSE	1	51999999612600
1e-4	100000	1e-7	0.25	999999992550	0	FALSE	1	51999999612600
5e-4	100000	1e-7	0.25	936595045664	0.966	TRUE	0.01684210526315791	48702942374528
0.001	100000	1e-7	0.25	455085826896	0.958	TRUE	0.008421052631578956	23664462998592
1e-6	2000	1e-8	0.25	999999992550	0	FALSE	1	51999999612600
1e-5	2000	1e-8	0.25	999999992550	0	FALSE	1	51999999612600
5e-5	2000	1e-8	0.25	999999992550	0	FALSE	1	51999999612600
1e-4	2000	1e-8	0.25	999999992550	0	FALSE	1	51999999612600
5e-4	2000	1e-8	0.25	999999992550	0	FALSE	1	51999999612600
0.001	2000	1e-8	0.25	999999992550	5e-4	FALSE	0.9994736842105264	51999999612600
1e-6	10000	1e-8	0.25	999999992550	0	FALSE	1	51999999612600
1e-5	10000	1e-8	0.25	999999992550	0	FALSE	1	51999999612600
5e-5	10000	1e-8	0.25	999999992550	0	FALSE	1	51999999612600
1e-4	10000	1e-8	0.25	999999992550	0	FALSE	1	51999999612600
5e-4	10000	1e-8	0.25	999999992550	0	FALSE	1	51999999612600
0.001	10000	1e-8	0.25	999999992550	0	FALSE	1	51999999612600
1e-6	50000	1e-8	0.25	999999992550	0	FALSE	1	51999999612600
1e-5	50000	1e-8	0.25	999999992550	0	FALSE	1	51999999612600
5e-5	50000	1e-8	0.25	999999992550	0	FALSE	1	51999999612600
1e-4	50000	1e-8	0.25	999999992550	0	FALSE	1	51999999612600
5e-4	50000	1e-8	0.25	999999992550	0	FALSE	1	51999999612600
0.001	50000	1e-8	0.25	999999992550	0	FALSE	1	51999999612600
1e-6	100000	1e-8	0.25	999999992550	0	FALSE	1	51999999612600
1e-5	100000	1e-8	0.25	999999992550	0	FALSE	1	51999999612600
5e-5	100000	1e-8	0.25	999999992550	0	FALSE	1	51999999612600
1e-4	100000	1e-8	0.25	999999992550	0	FALSE	1	51999999612600
5e-4	100000	1e-8	0.25	999999992550	0	FALSE	1	51999999612600
0.001	100000	1e-8	0.25	999999992550	0	FALSE	1	51999999612600
1e-6	2000	1.2600000000000001e-5	0.25	999999992550	0.005	FALSE	0.9947368421052631	51999999612600
1e-5	2000	1.2600000000000001e-5	0.25	999999992550	0.0535	FALSE	0.9436842105263158	51999999612600
5e-5	2000	1.2600000000000001e-5	0.25	999999992550	0.2425	FALSE	0.7447368421052633	51999999612600
1e-4	2000	1.2600000000000001e-5	0.25	999999992550	0.425	FALSE	0.5526315789473684	51999999612600
5e-4	2000	1.2600000000000001e-5	0.25	929137938436	0.942	TRUE	0.008421052631578956	48315172798672
0.001	2000	1.2600000000000001e-5	0.25	11916997480	0.942	TRUE	0.008421052631578956	619683868960
1e-6	10000	1.2600000000000001e-5	0.25	999999992550	0.0165	FALSE	0.9826315789473684	51999999612600
1e-5	10000	1.2600000000000001e-5	0.25	999999992550	0.2405	FALSE	0.746842105263158	51999999612600
5e-5	10000	1.2600000000000001e-5	0.25	999999992550	0.731	FALSE	0.23052631578947366	51999999612600
1e-4	10000	1.2600000000000001e-5	0.25	999999873340	0.931	TRUE	0.019999999999999903	51999993413680
5e-4	10000	1.2600000000000001e-5	0.25	11958035277	0.93	TRUE	0.02105263157894727	621817834404
0.001	10000	1.2600000000000001e-5	0.25	4675852774	0.95	TRUE	0	243144344248
1e-6	50000	1.2600000000000001e-5	0.25	999999992550	0.069	FALSE	0.9273684210526316	51999999612600
1e-5	50000	1.2600000000000001e-5	0.25	999999992550	0.626	FALSE	0.34105263157894733	51999999612600
5e-5	50000	1.2600000000000001e-5	0.25	218818694714	0.958	TRUE	0.008421052631578956	11378572125128
1e-4	50000	1.2600000000000001e-5	0.25	62345730204	0.944	TRUE	0.0063157894736842165	3241977970608
5e-4	50000	1.2600000000000001e-5	0.25	8088024939	0.954	TRUE	0.004210526315789478	420577296828
0.001	50000	1.2600000000000001e-5	0.25	3785866030	0.952	TRUE	0.002105263157894739	196865033560
1e-6	100000	1.2600000000000001e-5	0.25	999999992550	0.096	FALSE	0.8989473684210526	51999999612600
1e-5	100000	1.2600000000000001e-5	0.25	999999992550	0.804	FALSE	0.1536842105263157	51999999612600
5e-5	100000	1.2600000000000001e-5	0.25	132965163614	0.95	TRUE	0	6914188507928
1e-4	100000	1.2600000000000001e-5	0.25	46599807440	0.93	TRUE	0.02105263157894727	2423189986880
5e-4	100000	1.2600000000000001e-5	0.25	7421615214	0.936	TRUE	0.014736842105263055	385923991128
0.001	100000	1.2600000000000001e-5	0.25	3549325000	0.942	TRUE	0.008421052631578956	184564900000
1e-6	2000	0.001	0.3333333	999999992550	0.0065	FALSE	0.9931578947368421	51999999612600
1e-5	2000	0.001	0.3333333	999999992550	0.077	FALSE	0.9189473684210526	51999999612600
5e-5	2000	0.001	0.3333333	999999992550	0.2955	FALSE	0.6889473684210526	51999999612600
1e-4	2000	0.001	0.3333333	999999992550	0.5125	FALSE	0.46052631578947373	51999999612600
5e-4	2000	0.001	0.3333333	744270840	0.972	TRUE	0.023157894736842127	38702083680
0.001	2000	0.001	0.3333333	93924567	0.962	TRUE	0.012631578947368433	4884077484
1e-6	10000	0.001	0.3333333	999999992550	0.0295	FALSE	0.9689473684210527	51999999612600
1e-5	10000	0.001	0.3333333	999999992550	0.307	FALSE	0.6768421052631579	51999999612600
5e-5	10000	0.001	0.3333333	999999992550	0.851	FALSE	0.10421052631578945	51999999612600
1e-4	10000	0.001	0.3333333	2843829530	0.946	TRUE	0.004210526315789478	147879135560
5e-4	10000	0.001	0.3333333	104802416	0.958	TRUE	0.008421052631578956	5449725632
0.001	10000	0.001	0.3333333	41979120	0.942	TRUE	0.008421052631578956	2182914240
1e-6	50000	0.001	0.3333333	999999992550	0.13	FALSE	0.8631578947368421	51999999612600
1e-5	50000	0.001	0.3333333	999999992550	0.8295	FALSE	0.12684210526315784	51999999612600
5e-5	50000	0.001	0.3333333	1531633288	0.962	TRUE	0.012631578947368433	79644930976
1e-4	50000	0.001	0.3333333	553625384	0.972	TRUE	0.023157894736842127	28788519968
5e-4	50000	0.001	0.3333333	74210332	0.936	TRUE	0.014736842105263055	3858937264
0.001	50000	0.001	0.3333333	34081504	0.952	TRUE	0.002105263157894739	1772238208
1e-6	100000	0.001	0.3333333	999999992550	0.237	FALSE	0.7505263157894737	51999999612600
1e-5	100000	0.001	0.3333333	29591830839	0.962	TRUE	0.012631578947368433	1538775203628
5e-5	100000	0.001	0.3333333	1043888486	0.954	TRUE	0.004210526315789478	54282201272
1e-4	100000	0.001	0.3333333	435146254	0.954	TRUE	0.004210526315789478	22627605208
5e-4	100000	0.001	0.3333333	69769786	0.964	TRUE	0.014736842105263171	3628028872
0.001	100000	0.001	0.3333333	33649371	0.958	TRUE	0.008421052631578956	1749767292
1e-6	2000	1e-4	0.3333333	999999992550	0.003	FALSE	0.9968421052631579	51999999612600
1e-5	2000	1e-4	0.3333333	999999992550	0.071	FALSE	0.9252631578947369	51999999612600
5e-5	2000	1e-4	0.3333333	999999992550	0.299	FALSE	0.6852631578947369	51999999612600
1e-4	2000	1e-4	0.3333333	999999992550	0.527	FALSE	0.4452631578947368	51999999612600
5e-4	2000	1e-4	0.3333333	9155648424	0.966	TRUE	0.01684210526315791	476093718048
0.001	2000	1e-4	0.3333333	894981182	0.952	TRUE	0.002105263157894739	46539021464
1e-6	10000	1e-4	0.3333333	999999992550	0.0315	FALSE	0.966842105263158	51999999612600
1e-5	10000	1e-4	0.3333333	999999992550	0.2825	FALSE	0.7026315789473684	51999999612600
5e-5	10000	1e-4	0.3333333	999999992550	0.8415	FALSE	0.1142105263157894	51999999612600
1e-4	10000	1e-4	0.3333333	62500016826	0.95	TRUE	0	3250000874952
5e-4	10000	1e-4	0.3333333	1036333597	0.96	TRUE	0.010526315789473694	53889347044
0.001	10000	1e-4	0.3333333	423597855	0.968	TRUE	0.01894736842105265	22027088460
1e-6	50000	1e-4	0.3333333	999999992550	0.1095	FALSE	0.8847368421052632	51999999612600
1e-5	50000	1e-4	0.3333333	999999992550	0.832	FALSE	0.12421052631578948	51999999612600
5e-5	50000	1e-4	0.3333333	14903979914	0.972	TRUE	0.023157894736842127	775006955528
1e-4	50000	1e-4	0.3333333	5035402890	0.948	TRUE	0.002105263157894739	261840950280
5e-4	50000	1e-4	0.3333333	756042758	0.958	TRUE	0.008421052631578956	39314223416
0.001	50000	1e-4	0.3333333	339510602	0.94	TRUE	0.010526315789473694	17654551304
1e-6	100000	1e-4	0.3333333	999999992550	0.221	FALSE	0.7673684210526316	51999999612600
1e-5	100000	1e-4	0.3333333	319435357402	0.972	TRUE	0.023157894736842127	16610638584904
5e-5	100000	1e-4	0.3333333	10376485647	0.946	TRUE	0.004210526315789478	539577253644
1e-4	100000	1e-4	0.3333333	4028322822	0.934	TRUE	0.016842105263157794	209472786744
5e-4	100000	1e-4	0.3333333	701921740	0.956	TRUE	0.0063157894736842165	36499930480
0.001	100000	1e-4	0.3333333	333937569	0.944	TRUE	0.0063157894736842165	17364753588
1e-6	2000	1e-5	0.3333333	999999992550	0.007	FALSE	0.9926315789473684	51999999612600
1e-5	2000	1e-5	0.3333333	999999992550	0.0675	FALSE	0.9289473684210526	51999999612600
5e-5	2000	1e-5	0.3333333	999999992550	0.3265	FALSE	0.6563157894736842	51999999612600
1e-4	2000	1e-5	0.3333333	999999992550	0.5305	FALSE	0.44157894736842107	51999999612600
5e-4	2000	1e-5	0.3333333	75604991918	0.952	TRUE	0.002105263157894739	3931459579736
0.001	2000	1e-5	0.3333333	8281501614	0.952	TRUE	0.002105263157894739	430638083928
1e-6	10000	1e-5	0.3333333	999999992550	0.0305	FALSE	0.9678947368421053	51999999612600
1e-5	10000	1e-5	0.3333333	999999992550	0.2865	FALSE	0.6984210526315789	51999999612600
5e-5	10000	1e-5	0.3333333	999999992550	0.8155	FALSE	0.141578947368421	51999999612600
1e-4	10000	1e-5	0.3333333	375375373947	0.954	TRUE	0.004210526315789478	19519519445244
5e-4	10000	1e-5	0.3333333	10525944294	0.946	TRUE	0.004210526315789478	547349103288
0.001	10000	1e-5	0.3333333	4333602907	0.956	TRUE	0.0063157894736842165	225347351164
1e-6	50000	1e-5	0.3333333	999999992550	0.0835	FALSE	0.9121052631578948	51999999612600
1e-5	50000	1e-5	0.3333333	999999992550	0.7355	FALSE	0.22578947368421046	51999999612600
5e-5	50000	1e-5	0.3333333	148972959386	0.962	TRUE	0.012631578947368433	7746593888072
1e-4	50000	1e-5	0.3333333	50414087434	0.96	TRUE	0.010526315789473694	2621532546568
5e-4	50000	1e-5	0.3333333	7462280484	0.956	TRUE	0.0063157894736842165	388038585168
0.001	50000	1e-5	0.3333333	3431188595	0.956	TRUE	0.0063157894736842165	178421806940
1e-6	100000	1e-5	0.3333333	999999992550	0.1015	FALSE	0.893157894736842	51999999612600
1e-5	100000	1e-5	0.3333333	999999992550	0.877	FALSE	0.07684210526315785	51999999612600
5e-5	100000	1e-5	0.3333333	97531797076	0.948	TRUE	0.002105263157894739	5071653447952
1e-4	100000	1e-5	0.3333333	43222593399	0.96	TRUE	0.010526315789473694	2247574856748
5e-4	100000	1e-5	0.3333333	6976532435	0.96	TRUE	0.010526315789473694	362779686620
0.001	100000	1e-5	0.3333333	3292056454	0.946	TRUE	0.004210526315789478	171186935608
1e-6	2000	1e-6	0.3333333	999999992550	0.006	FALSE	0.9936842105263158	51999999612600
1e-5	2000	1e-6	0.3333333	999999992550	0.0565	FALSE	0.9405263157894737	51999999612600
5e-5	2000	1e-6	0.3333333	999999992550	0.286	FALSE	0.6989473684210525	51999999612600
1e-4	2000	1e-6	0.3333333	999999992550	0.4815	FALSE	0.4931578947368421	51999999612600
5e-4	2000	1e-6	0.3333333	472594735830	0.94	TRUE	0.010526315789473694	24574926263160
0.001	2000	1e-6	0.3333333	96740798742	0.97	TRUE	0.02105263157894739	5030521534584
1e-6	10000	1e-6	0.3333333	999999992550	0.008	FALSE	0.991578947368421	51999999612600
1e-5	10000	1e-6	0.3333333	999999992550	0.1285	FALSE	0.8647368421052631	51999999612600
5e-5	10000	1e-6	0.3333333	999999992550	0.611	FALSE	0.3568421052631579	51999999612600
1e-4	10000	1e-6	0.3333333	999999992550	0.8785	FALSE	0.07526315789473685	51999999612600
5e-4	10000	1e-6	0.3333333	104761199662	0.94	TRUE	0.010526315789473694	5447582382424
0.001	10000	1e-6	0.3333333	40520878790	0.932	TRUE	0.018947368421052532	2107085697080
1e-6	50000	1e-6	0.3333333	999999992550	5e-4	FALSE	0.9994736842105264	51999999612600
1e-5	50000	1e-6	0.3333333	999999992550	0.058	FALSE	0.9389473684210525	51999999612600
5e-5	50000	1e-6	0.3333333	999999992550	0.8625	FALSE	0.09210526315789465	51999999612600
1e-4	50000	1e-6	0.3333333	532757324182	0.944	TRUE	0.0063157894736842165	27703380857464
5e-4	50000	1e-6	0.3333333	74361281412	0.936	TRUE	0.014736842105263055	3866786633424
0.001	50000	1e-6	0.3333333	34485834060	0.96	TRUE	0.010526315789473694	1793263371120
1e-6	100000	1e-6	0.3333333	999999992550	5e-4	FALSE	0.9994736842105264	51999999612600
1e-5	100000	1e-6	0.3333333	999999992550	0.019	FALSE	0.98	51999999612600
5e-5	100000	1e-6	0.3333333	999753646556	0.942	TRUE	0.008421052631578956	51987189620912
1e-4	100000	1e-6	0.3333333	437517656050	0.956	TRUE	0.0063157894736842165	22750918114600
5e-4	100000	1e-6	0.3333333	66406251886	0.932	TRUE	0.018947368421052532	3453125098072
0.001	100000	1e-6	0.3333333	32948734596	0.938	TRUE	0.012631578947368433	1713334198992
1e-6	2000	1e-7	0.3333333	999999992550	0	FALSE	1	51999999612600
1e-5	2000	1e-7	0.3333333	999999992550	0.01	FALSE	0.9894736842105263	51999999612600
5e-5	2000	1e-7	0.3333333	999999992550	0.0475	FALSE	0.9500000000000001	51999999612600
1e-4	2000	1e-7	0.3333333	999999992550	0.125	FALSE	0.868421052631579	51999999612600
5e-4	2000	1e-7	0.3333333	999999992550	0.712	FALSE	0.2505263157894737	51999999612600
0.001	2000	1e-7	0.3333333	811462352074	0.948	TRUE	0.002105263157894739	42196042307848
1e-6	10000	1e-7	0.3333333	999999992550	0	FALSE	1	51999999612600
1e-5	10000	1e-7	0.3333333	999999992550	0	FALSE	1	51999999612600
5e-5	10000	1e-7	0.3333333	999999992550	0.002	FALSE	0.9978947368421053	51999999612600
1e-4	10000	1e-7	0.3333333	999999992550	0.028	FALSE	0.9705263157894737	51999999612600
5e-4	10000	1e-7	0.3333333	982909672134	0.944	TRUE	0.0063157894736842165	51111302950968
0.001	10000	1e-7	0.3333333	425050867884	0.949	TRUE	0.0010526315789473695	22102645129968
1e-6	50000	1e-7	0.3333333	999999992550	0	FALSE	1	51999999612600
1e-5	50000	1e-7	0.3333333	999999992550	0	FALSE	1	51999999612600
5e-5	50000	1e-7	0.3333333	999999992550	0	FALSE	1	51999999612600
1e-4	50000	1e-7	0.3333333	999999992550	0	FALSE	1	51999999612600
5e-4	50000	1e-7	0.3333333	735844681818	0.944	TRUE	0.0063157894736842165	38263923454536
0.001	50000	1e-7	0.3333333	347721128727	0.95	TRUE	0	18081498693804
1e-6	100000	1e-7	0.3333333	999999992550	0	FALSE	1	51999999612600
1e-5	100000	1e-7	0.3333333	999999992550	0	FALSE	1	51999999612600
5e-5	100000	1e-7	0.3333333	999999992550	0	FALSE	1	51999999612600
1e-4	100000	1e-7	0.3333333	999999992550	0	FALSE	1	51999999612600
5e-4	100000	1e-7	0.3333333	686025421480	0.934	TRUE	0.016842105263157794	35673321916960
0.001	100000	1e-7	0.3333333	331317617724	0.938	TRUE	0.012631578947368433	17228516121648
1e-6	2000	1e-8	0.3333333	999999992550	0	FALSE	1	51999999612600
1e-5	2000	1e-8	0.3333333	999999992550	0	FALSE	1	51999999612600
5e-5	2000	1e-8	0.3333333	999999992550	0	FALSE	1	51999999612600
1e-4	2000	1e-8	0.3333333	999999992550	0	FALSE	1	51999999612600
5e-4	2000	1e-8	0.3333333	999999992550	0	FALSE	1	51999999612600
0.001	2000	1e-8	0.3333333	999999992550	0.004	FALSE	0.9957894736842106	51999999612600
1e-6	10000	1e-8	0.3333333	999999992550	0	FALSE	1	51999999612600
1e-5	10000	1e-8	0.3333333	999999992550	0	FALSE	1	51999999612600
5e-5	10000	1e-8	0.3333333	999999992550	0	FALSE	1	51999999612600
1e-4	10000	1e-8	0.3333333	999999992550	0	FALSE	1	51999999612600
5e-4	10000	1e-8	0.3333333	999999992550	0	FALSE	1	51999999612600
0.001	10000	1e-8	0.3333333	999999992550	0	FALSE	1	51999999612600
1e-6	50000	1e-8	0.3333333	999999992550	0	FALSE	1	51999999612600
1e-5	50000	1e-8	0.3333333	999999992550	0	FALSE	1	51999999612600
5e-5	50000	1e-8	0.3333333	999999992550	0	FALSE	1	51999999612600
1e-4	50000	1e-8	0.3333333	999999992550	0	FALSE	1	51999999612600
5e-4	50000	1e-8	0.3333333	999999992550	0	FALSE	1	51999999612600
0.001	50000	1e-8	0.3333333	999999992550	0	FALSE	1	51999999612600
1e-6	100000	1e-8	0.3333333	999999992550	0	FALSE	1	51999999612600
1e-5	100000	1e-8	0.3333333	999999992550	0	FALSE	1	51999999612600
5e-5	100000	1e-8	0.3333333	999999992550	0	FALSE	1	51999999612600
1e-4	100000	1e-8	0.3333333	999999992550	0	FALSE	1	51999999612600
5e-4	100000	1e-8	0.3333333	999999992550	0	FALSE	1	51999999612600
0.001	100000	1e-8	0.3333333	999999992550	0	FALSE	1	51999999612600
1e-6	2000	1.2600000000000001e-5	0.3333333	999999992550	0.007	FALSE	0.9926315789473684	51999999612600
1e-5	2000	1.2600000000000001e-5	0.3333333	999999992550	0.068	FALSE	0.9284210526315789	51999999612600
5e-5	2000	1.2600000000000001e-5	0.3333333	999999992550	0.3075	FALSE	0.6763157894736842	51999999612600
1e-4	2000	1.2600000000000001e-5	0.3333333	999999992550	0.5175	FALSE	0.45526315789473687	51999999612600
5e-4	2000	1.2600000000000001e-5	0.3333333	72280960120	0.955	TRUE	0.005263157894736847	3758609926240
0.001	2000	1.2600000000000001e-5	0.3333333	6881984570	0.96	TRUE	0.010526315789473694	357863197640
1e-6	10000	1.2600000000000001e-5	0.3333333	999999992550	0.026	FALSE	0.9726315789473684	51999999612600
1e-5	10000	1.2600000000000001e-5	0.3333333	999999992550	0.3025	FALSE	0.6815789473684211	51999999612600
5e-5	10000	1.2600000000000001e-5	0.3333333	999999992550	0.8155	FALSE	0.141578947368421	51999999612600
1e-4	10000	1.2600000000000001e-5	0.3333333	220831737262	0.934	TRUE	0.016842105263157794	11483250337624
5e-4	10000	1.2600000000000001e-5	0.3333333	8301156246	0.948	TRUE	0.002105263157894739	431660124792
0.001	10000	1.2600000000000001e-5	0.3333333	3420608770	0.96	TRUE	0.010526315789473694	177871656040
1e-6	50000	1.2600000000000001e-5	0.3333333	999999992550	0.0915	FALSE	0.9036842105263158	51999999612600
1e-5	50000	1.2600000000000001e-5	0.3333333	999999992550	0.7575	FALSE	0.20263157894736844	51999999612600
5e-5	50000	1.2600000000000001e-5	0.3333333	125612573128	0.962	TRUE	0.012631578947368433	6531853802656
1e-4	50000	1.2600000000000001e-5	0.3333333	39541112551	0.938	TRUE	0.012631578947368433	2056137852652
5e-4	50000	1.2600000000000001e-5	0.3333333	5863773334	0.958	TRUE	0.008421052631578956	304916213368
0.001	50000	1.2600000000000001e-5	0.3333333	2721014162	0.956	TRUE	0.0063157894736842165	141492736424
1e-6	100000	1.2600000000000001e-5	0.3333333	999999992550	0.128	FALSE	0.8652631578947368	51999999612600
1e-5	100000	1.2600000000000001e-5	0.3333333	999999992550	0.8975	FALSE	0.055263157894736833	51999999612600
5e-5	100000	1.2600000000000001e-5	0.3333333	86914079080	0.968	TRUE	0.01894736842105265	4519532112160
1e-4	100000	1.2600000000000001e-5	0.3333333	32958018020	0.958	TRUE	0.008421052631578956	1713816937040
5e-4	100000	1.2600000000000001e-5	0.3333333	5432101600	0.934	TRUE	0.016842105263157794	282469283200
0.001	100000	1.2600000000000001e-5	0.3333333	2648028274	0.954	TRUE	0.004210526315789478	137697470248
1e-6	2000	0.001	0.5	999999992550	0.007	FALSE	0.9926315789473684	51999999612600
1e-5	2000	0.001	0.5	999999992550	0.1055	FALSE	0.8889473684210526	51999999612600
5e-5	2000	0.001	0.5	999999992550	0.4005	FALSE	0.5784210526315788	51999999612600
1e-4	2000	0.001	0.5	999999992550	0.6485	FALSE	0.3173684210526316	51999999612600
5e-4	2000	0.001	0.5	166135592	0.942	TRUE	0.008421052631578956	8639050784
0.001	2000	0.001	0.5	43230818	0.958	TRUE	0.008421052631578956	2248002536
1e-6	10000	0.001	0.5	999999992550	0.0385	FALSE	0.9594736842105264	51999999612600
1e-5	10000	0.001	0.5	999999992550	0.404	FALSE	0.5747368421052631	51999999612600
5e-5	10000	0.001	0.5	999022923420	0.942	TRUE	0.008421052631578956	51949192017840
1e-4	10000	0.001	0.5	855239787	0.946	TRUE	0.004210526315789478	44472468924
5e-4	10000	0.001	0.5	59964822	0.946	TRUE	0.004210526315789478	3118170744
0.001	10000	0.001	0.5	26377605	0.953	TRUE	0.0031578947368421082	1371635460
1e-6	50000	0.001	0.5	999999992550	0.1725	FALSE	0.8184210526315789	51999999612600
1e-5	50000	0.001	0.5	999999992550	0.93	TRUE	0.02105263157894727	51999999612600
5e-5	50000	0.001	0.5	767710368	0.944	TRUE	0.0063157894736842165	39920939136
1e-4	50000	0.001	0.5	307234687	0.964	TRUE	0.014736842105263171	15976203724
5e-4	50000	0.001	0.5	47850178	0.96	TRUE	0.010526315789473694	2488209256
0.001	50000	0.001	0.5	22905634	0.94	TRUE	0.010526315789473694	1191092968
1e-6	100000	0.001	0.5	999999992550	0.331	FALSE	0.651578947368421	51999999612600
1e-5	100000	0.001	0.5	9767549700	0.952	TRUE	0.002105263157894739	507912584400
5e-5	100000	0.001	0.5	633257190	0.958	TRUE	0.008421052631578956	32929373880
1e-4	100000	0.001	0.5	250818892	0.946	TRUE	0.004210526315789478	13042582384
5e-4	100000	0.001	0.5	43871568	0.928	TRUE	0.02315789473684201	2281321536
0.001	100000	0.001	0.5	21758246	0.936	TRUE	0.014736842105263055	1131428792
1e-6	2000	1e-4	0.5	999999992550	0.0055	FALSE	0.9942105263157895	51999999612600
1e-5	2000	1e-4	0.5	999999992550	0.095	FALSE	0.9	51999999612600
5e-5	2000	1e-4	0.5	999999992550	0.441	FALSE	0.5357894736842105	51999999612600
1e-4	2000	1e-4	0.5	999999992550	0.679	FALSE	0.2852631578947368	51999999612600
5e-4	2000	1e-4	0.5	1689376980	0.946	TRUE	0.004210526315789478	87847602960
0.001	2000	1e-4	0.5	441628260	0.968	TRUE	0.01894736842105265	22964669520
1e-6	10000	1e-4	0.5	999999992550	0.0355	FALSE	0.9626315789473684	51999999612600
1e-5	10000	1e-4	0.5	999999992550	0.415	FALSE	0.5631578947368421	51999999612600
5e-5	10000	1e-4	0.5	935416661848	0.938	TRUE	0.012631578947368433	48641666416096
1e-4	10000	1e-4	0.5	8827241736	0.948	TRUE	0.002105263157894739	459016570272
5e-4	10000	1e-4	0.5	592174690	0.954	TRUE	0.004210526315789478	30793083880
0.001	10000	1e-4	0.5	260534450	0.948	TRUE	0.002105263157894739	13547791400
1e-6	50000	1e-4	0.5	999999992550	0.178	FALSE	0.8126315789473685	51999999612600
1e-5	50000	1e-4	0.5	999999992550	0.924	FALSE	0.027368421052631486	51999999612600
5e-5	50000	1e-4	0.5	8001046862	0.944	TRUE	0.0063157894736842165	416054436824
1e-4	50000	1e-4	0.5	2968522445	0.954	TRUE	0.004210526315789478	154363167140
5e-4	50000	1e-4	0.5	465097588	0.944	TRUE	0.0063157894736842165	24185074576
0.001	50000	1e-4	0.5	223147435	0.962	TRUE	0.012631578947368433	11603666620
1e-6	100000	1e-4	0.5	999999992550	0.312	FALSE	0.6715789473684209	51999999612600
1e-5	100000	1e-4	0.5	81905158104	0.936	TRUE	0.014736842105263055	4259068221408
5e-5	100000	1e-4	0.5	6115960582	0.946	TRUE	0.004210526315789478	318029950264
1e-4	100000	1e-4	0.5	2686130542	0.944	TRUE	0.0063157894736842165	139678788184
5e-4	100000	1e-4	0.5	450136824	0.94	TRUE	0.010526315789473694	23407114848
0.001	100000	1e-4	0.5	217887326	0.94	TRUE	0.010526315789473694	11330140952
1e-6	2000	1e-5	0.5	999999992550	0.0045	FALSE	0.9952631578947368	51999999612600
1e-5	2000	1e-5	0.5	999999992550	0.0855	FALSE	0.9099999999999999	51999999612600
5e-5	2000	1e-5	0.5	999999992550	0.442	FALSE	0.5347368421052632	51999999612600
1e-4	2000	1e-5	0.5	999999992550	0.6765	FALSE	0.28789473684210526	51999999612600
5e-4	2000	1e-5	0.5	14643701334	0.935	TRUE	0.015789473684210423	761472469368
0.001	2000	1e-5	0.5	4328476908	0.938	TRUE	0.012631578947368433	225080799216
1e-6	10000	1e-5	0.5	999999992550	0.036	FALSE	0.9621052631578947	51999999612600
1e-5	10000	1e-5	0.5	999999992550	0.398	FALSE	0.5810526315789474	51999999612600
5e-5	10000	1e-5	0.5	999877922238	0.932	TRUE	0.018947368421052532	51993651956376
1e-4	10000	1e-5	0.5	99609391454	0.966	TRUE	0.01684210526315791	5179688355608
5e-4	10000	1e-5	0.5	6070497142	0.956	TRUE	0.0063157894736842165	315665851384
0.001	10000	1e-5	0.5	2636211652	0.932	TRUE	0.018947368421052532	137083005904
1e-6	50000	1e-5	0.5	999999992550	0.133	FALSE	0.86	51999999612600
1e-5	50000	1e-5	0.5	999999992550	0.8705	FALSE	0.0836842105263157	51999999612600
5e-5	50000	1e-5	0.5	79004602402	0.938	TRUE	0.012631578947368433	4108239324904
1e-4	50000	1e-5	0.5	30028062330	0.934	TRUE	0.016842105263157794	1561459241160
5e-4	50000	1e-5	0.5	4772680520	0.956	TRUE	0.0063157894736842165	248179387040
0.001	50000	1e-5	0.5	2208682442	0.94	TRUE	0.010526315789473694	114851486984
1e-6	100000	1e-5	0.5	999999992550	0.1475	FALSE	0.8447368421052632	51999999612600
1e-5	100000	1e-5	0.5	927887328690	0.96	TRUE	0.010526315789473694	48250141091880
5e-5	100000	1e-5	0.5	61259450466	0.954	TRUE	0.004210526315789478	3185491424232
1e-4	100000	1e-5	0.5	26416020890	0.958	TRUE	0.008421052631578956	1373633086280
5e-4	100000	1e-5	0.5	4451515796	0.95	TRUE	0	231478821392
0.001	100000	1e-5	0.5	2197297954	0.964	TRUE	0.014736842105263171	114259493608
1e-6	2000	1e-6	0.5	999999992550	0.0075	FALSE	0.9921052631578948	51999999612600
1e-5	2000	1e-6	0.5	999999992550	0.0995	FALSE	0.8952631578947368	51999999612600
5e-5	2000	1e-6	0.5	999999992550	0.387	FALSE	0.5926315789473684	51999999612600
1e-4	2000	1e-6	0.5	999999992550	0.6265	FALSE	0.34052631578947373	51999999612600
5e-4	2000	1e-6	0.5	183631972190	0.956	TRUE	0.0063157894736842165	9548862553880
0.001	2000	1e-6	0.5	44529887159	0.962	TRUE	0.012631578947368433	2315554132268
1e-6	10000	1e-6	0.5	999999992550	0.013	FALSE	0.9863157894736841	51999999612600
1e-5	10000	1e-6	0.5	999999992550	0.2055	FALSE	0.7836842105263158	51999999612600
5e-5	10000	1e-6	0.5	999999992550	0.7595	FALSE	0.2005263157894737	51999999612600
1e-4	10000	1e-6	0.5	808825874750	0.949	TRUE	0.0010526315789473695	42058945487000
5e-4	10000	1e-6	0.5	62626319066	0.958	TRUE	0.008421052631578956	3256568591432
0.001	10000	1e-6	0.5	27343767178	0.956	TRUE	0.0063157894736842165	1421875893256
1e-6	50000	1e-6	0.5	999999992550	5e-4	FALSE	0.9994736842105264	51999999612600
1e-5	50000	1e-6	0.5	999999992550	0.1425	FALSE	0.8500000000000001	51999999612600
5e-5	50000	1e-6	0.5	820864731372	0.954	TRUE	0.004210526315789478	42684966031344
1e-4	50000	1e-6	0.5	307316094114	0.944	TRUE	0.0063157894736842165	15980436893928
5e-4	50000	1e-6	0.5	47050418550	0.944	TRUE	0.0063157894736842165	2446621764600
0.001	50000	1e-6	0.5	22531839550	0.962	TRUE	0.012631578947368433	1171655656600
1e-6	100000	1e-6	0.5	999999992550	0	FALSE	1	51999999612600
1e-5	100000	1e-6	0.5	999999992550	0.0895	FALSE	0.9057894736842105	51999999612600
5e-5	100000	1e-6	0.5	593468990517	0.936	TRUE	0.014736842105263055	30860387506884
1e-4	100000	1e-6	0.5	260334417168	0.932	TRUE	0.018947368421052532	13537389692736
5e-4	100000	1e-6	0.5	45119928432	0.954	TRUE	0.004210526315789478	2346236278464
0.001	100000	1e-6	0.5	21636726806	0.948	TRUE	0.002105263157894739	1125109793912
1e-6	2000	1e-7	0.5	999999992550	0.0015	FALSE	0.998421052631579	51999999612600
1e-5	2000	1e-7	0.5	999999992550	0.0165	FALSE	0.9826315789473684	51999999612600
5e-5	2000	1e-7	0.5	999999992550	0.075	FALSE	0.9210526315789475	51999999612600
1e-4	2000	1e-7	0.5	999999992550	0.2085	FALSE	0.7805263157894736	51999999612600
5e-4	2000	1e-7	0.5	999999992550	0.889	FALSE	0.06421052631578941	51999999612600
0.001	2000	1e-7	0.5	415895669044	0.93	TRUE	0.02105263157894727	21626574790288
1e-6	10000	1e-7	0.5	999999992550	0	FALSE	1	51999999612600
1e-5	10000	1e-7	0.5	999999992550	0	FALSE	1	51999999612600
5e-5	10000	1e-7	0.5	999999992550	0.0105	FALSE	0.9889473684210527	51999999612600
1e-4	10000	1e-7	0.5	999999992550	0.094	FALSE	0.9010526315789474	51999999612600
5e-4	10000	1e-7	0.5	627929817880	0.966	TRUE	0.01684210526315791	32652350529760
0.001	10000	1e-7	0.5	257315501547	0.946	TRUE	0.004210526315789478	13380406080444
1e-6	50000	1e-7	0.5	999999992550	0	FALSE	1	51999999612600
1e-5	50000	1e-7	0.5	999999992550	0	FALSE	1	51999999612600
5e-5	50000	1e-7	0.5	999999992550	0	FALSE	1	51999999612600
1e-4	50000	1e-7	0.5	999999992550	0.0065	FALSE	0.9931578947368421	51999999612600
5e-4	50000	1e-7	0.5	464759347724	0.952	TRUE	0.002105263157894739	24167486081648
0.001	50000	1e-7	0.5	225266725122	0.938	TRUE	0.012631578947368433	11713869706344
1e-6	100000	1e-7	0.5	999999992550	0	FALSE	1	51999999612600
1e-5	100000	1e-7	0.5	999999992550	0	FALSE	1	51999999612600
5e-5	100000	1e-7	0.5	999999992550	0	FALSE	1	51999999612600
1e-4	100000	1e-7	0.5	999999992550	5e-4	FALSE	0.9994736842105264	51999999612600
5e-4	100000	1e-7	0.5	456673158178	0.948	TRUE	0.002105263157894739	23747004225256
0.001	100000	1e-7	0.5	218939334513	0.96	TRUE	0.010526315789473694	11384845394676
1e-6	2000	1e-8	0.5	999999992550	0	FALSE	1	51999999612600
1e-5	2000	1e-8	0.5	999999992550	0	FALSE	1	51999999612600
5e-5	2000	1e-8	0.5	999999992550	0	FALSE	1	51999999612600
1e-4	2000	1e-8	0.5	999999992550	0	FALSE	1	51999999612600
5e-4	2000	1e-8	0.5	999999992550	0	FALSE	1	51999999612600
0.001	2000	1e-8	0.5	999999992550	0.0445	FALSE	0.9531578947368421	51999999612600
1e-6	10000	1e-8	0.5	999999992550	0	FALSE	1	51999999612600
1e-5	10000	1e-8	0.5	999999992550	0	FALSE	1	51999999612600
5e-5	10000	1e-8	0.5	999999992550	0	FALSE	1	51999999612600
1e-4	10000	1e-8	0.5	999999992550	0	FALSE	1	51999999612600
5e-4	10000	1e-8	0.5	999999992550	0	FALSE	1	51999999612600
0.001	10000	1e-8	0.5	999999992550	5e-4	FALSE	0.9994736842105264	51999999612600
1e-6	50000	1e-8	0.5	999999992550	0	FALSE	1	51999999612600
1e-5	50000	1e-8	0.5	999999992550	0	FALSE	1	51999999612600
5e-5	50000	1e-8	0.5	999999992550	0	FALSE	1	51999999612600
1e-4	50000	1e-8	0.5	999999992550	0	FALSE	1	51999999612600
5e-4	50000	1e-8	0.5	999999992550	0	FALSE	1	51999999612600
0.001	50000	1e-8	0.5	999999992550	0	FALSE	1	51999999612600
1e-6	100000	1e-8	0.5	999999992550	0	FALSE	1	51999999612600
1e-5	100000	1e-8	0.5	999999992550	0	FALSE	1	51999999612600
5e-5	100000	1e-8	0.5	999999992550	0	FALSE	1	51999999612600
1e-4	100000	1e-8	0.5	999999992550	0	FALSE	1	51999999612600
5e-4	100000	1e-8	0.5	999999992550	0	FALSE	1	51999999612600
0.001	100000	1e-8	0.5	999999992550	0	FALSE	1	51999999612600
1e-6	2000	1.2600000000000001e-5	0.5	999999992550	0.009	FALSE	0.9905263157894737	51999999612600
1e-5	2000	1.2600000000000001e-5	0.5	999999992550	0.0995	FALSE	0.8952631578947368	51999999612600
5e-5	2000	1.2600000000000001e-5	0.5	999999992550	0.415	FALSE	0.5631578947368421	51999999612600
1e-4	2000	1.2600000000000001e-5	0.5	999999992550	0.669	FALSE	0.29578947368421044	51999999612600
5e-4	2000	1.2600000000000001e-5	0.5	10742189942	0.934	TRUE	0.016842105263157794	558593876984
0.001	2000	1.2600000000000001e-5	0.5	3543960581	0.953	TRUE	0.0031578947368421082	184285950212
1e-6	10000	1.2600000000000001e-5	0.5	999999992550	0.0405	FALSE	0.9573684210526316	51999999612600
1e-5	10000	1.2600000000000001e-5	0.5	999999992550	0.4175	FALSE	0.5605263157894737	51999999612600
5e-5	10000	1.2600000000000001e-5	0.5	999877415599	0.93	TRUE	0.02105263157894727	51993625611148
1e-4	10000	1.2600000000000001e-5	0.5	78125046470	0.972	TRUE	0.023157894736842127	4062502416440
5e-4	10000	1.2600000000000001e-5	0.5	4960122226	0.94	TRUE	0.010526315789473694	257926355752
0.001	10000	1.2600000000000001e-5	0.5	2045499827	0.944	TRUE	0.0063157894736842165	106365991004
1e-6	50000	1.2600000000000001e-5	0.5	999999992550	0.1385	FALSE	0.8542105263157894	51999999612600
1e-5	50000	1.2600000000000001e-5	0.5	999999992550	0.874	FALSE	0.07999999999999996	51999999612600
5e-5	50000	1.2600000000000001e-5	0.5	64279573084	0.95	TRUE	0	3342537800368
1e-4	50000	1.2600000000000001e-5	0.5	23366811208	0.93	TRUE	0.02105263157894727	1215074182816
5e-4	50000	1.2600000000000001e-5	0.5	3684404026	0.942	TRUE	0.008421052631578956	191589009352
0.001	50000	1.2600000000000001e-5	0.5	1738386898	0.936	TRUE	0.014736842105263055	90396118696
1e-6	100000	1.2600000000000001e-5	0.5	999999992550	0.1765	FALSE	0.8142105263157895	51999999612600
1e-5	100000	1.2600000000000001e-5	0.5	641816045945	0.952	TRUE	0.002105263157894739	33374434389140
5e-5	100000	1.2600000000000001e-5	0.5	49074473054	0.958	TRUE	0.008421052631578956	2551872598808
1e-4	100000	1.2600000000000001e-5	0.5	21301316572	0.946	TRUE	0.004210526315789478	1107668461744
5e-4	100000	1.2600000000000001e-5	0.5	3585832844	0.938	TRUE	0.012631578947368433	186463307888
0.001	100000	1.2600000000000001e-5	0.5	1731547266	0.944	TRUE	0.0063157894736842165	90040457832
1e-6	2000	0.001	1	999999992550	0.0215	FALSE	0.9773684210526317	51999999612600
1e-5	2000	0.001	1	999999992550	0.209	FALSE	0.78	51999999612600
5e-5	2000	0.001	1	999999992550	0.656	FALSE	0.30947368421052623	51999999612600
1e-4	2000	0.001	1	999999992550	0.888	FALSE	0.06526315789473679	51999999612600
5e-4	2000	0.001	1	47328638	0.958	TRUE	0.008421052631578956	2461089176
0.001	2000	0.001	1	16825960	0.951	TRUE	0.0010526315789473695	874949920
1e-6	10000	0.001	1	999999992550	0.071	FALSE	0.9252631578947369	51999999612600
1e-5	10000	0.001	1	999999992550	0.6455	FALSE	0.3205263157894737	51999999612600
5e-5	10000	0.001	1	897559083	0.954	TRUE	0.004210526315789478	46673072316
1e-4	10000	0.001	1	218662186	0.948	TRUE	0.002105263157894739	11370433672
5e-4	10000	0.001	1	26273296	0.96	TRUE	0.010526315789473694	1366211392
0.001	10000	0.001	1	11848972	0.958	TRUE	0.008421052631578956	616146544
1e-6	50000	0.001	1	999999992550	0.3275	FALSE	0.6552631578947368	51999999612600
1e-5	50000	0.001	1	3736483582	0.94	TRUE	0.010526315789473694	194297146264
5e-5	50000	0.001	1	299649996	0.95	TRUE	0	15581799792
1e-4	50000	0.001	1	132116243	0.962	TRUE	0.012631578947368433	6870044636
5e-4	50000	0.001	1	22235082	0.932	TRUE	0.018947368421052532	1156224264
0.001	50000	0.001	1	10910200	0.944	TRUE	0.0063157894736842165	567330400
1e-6	100000	0.001	1	999999992550	0.5385	FALSE	0.4331578947368421	51999999612600
1e-5	100000	0.001	1	2197059536	0.948	TRUE	0.002105263157894739	114247095872
5e-5	100000	0.001	1	261711640	0.946	TRUE	0.004210526315789478	13609005280
1e-4	100000	0.001	1	121670528	0.95	TRUE	0	6326867456
5e-4	100000	0.001	1	21951960	0.94	TRUE	0.010526315789473694	1141501920
0.001	100000	0.001	1	10761188	0.948	TRUE	0.002105263157894739	559581776
1e-6	2000	1e-4	1	999999992550	0.017	FALSE	0.9821052631578947	51999999612600
1e-5	2000	1e-4	1	999999992550	0.1945	FALSE	0.7952631578947368	51999999612600
5e-5	2000	1e-4	1	999999992550	0.668	FALSE	0.2968421052631578	51999999612600
1e-4	2000	1e-4	1	999999992550	0.895	FALSE	0.0578947368421052	51999999612600
5e-4	2000	1e-4	1	425102874	0.948	TRUE	0.002105263157894739	22105349448
0.001	2000	1e-4	1	157329007	0.96	TRUE	0.010526315789473694	8181108364
1e-6	10000	1e-4	1	999999992550	0.0795	FALSE	0.9163157894736842	51999999612600
1e-5	10000	1e-4	1	999999992550	0.662	FALSE	0.303157894736842	51999999612600
5e-5	10000	1e-4	1	8850770670	0.964	TRUE	0.014736842105263171	460240074840
1e-4	10000	1e-4	1	2243163728	0.96	TRUE	0.010526315789473694	116644513856
5e-4	10000	1e-4	1	259446664	0.952	TRUE	0.002105263157894739	13491226528
0.001	10000	1e-4	1	117542908	0.952	TRUE	0.002105263157894739	6112231216
1e-6	50000	1e-4	1	999999992550	0.3185	FALSE	0.6647368421052632	51999999612600
1e-5	50000	1e-4	1	41274430504	0.962	TRUE	0.012631578947368433	2146270386208
5e-5	50000	1e-4	1	3024714724	0.938	TRUE	0.012631578947368433	157285165648
1e-4	50000	1e-4	1	1344951542	0.962	TRUE	0.012631578947368433	69937480184
5e-4	50000	1e-4	1	223877592	0.938	TRUE	0.012631578947368433	11641634784
0.001	50000	1e-4	1	110166832	0.96	TRUE	0.010526315789473694	5728675264
1e-6	100000	1e-4	1	999999992550	0.542	FALSE	0.42947368421052623	51999999612600
1e-5	100000	1e-4	1	24749773062	0.966	TRUE	0.01684210526315791	1286988199224
5e-5	100000	1e-4	1	2562525412	0.946	TRUE	0.004210526315789478	133251321424
1e-4	100000	1e-4	1	1196744594	0.968	TRUE	0.01894736842105265	62230718888
5e-4	100000	1e-4	1	223415656	0.956	TRUE	0.0063157894736842165	11617614112
0.001	100000	1e-4	1	108781024	0.96	TRUE	0.010526315789473694	5656613248
1e-6	2000	1e-5	1	999999992550	0.0145	FALSE	0.9847368421052632	51999999612600
1e-5	2000	1e-5	1	999999992550	0.2035	FALSE	0.7857894736842105	51999999612600
5e-5	2000	1e-5	1	999999992550	0.661	FALSE	0.30421052631578943	51999999612600
1e-4	2000	1e-5	1	999999992550	0.8855	FALSE	0.06789473684210527	51999999612600
5e-4	2000	1e-5	1	4294457558	0.942	TRUE	0.008421052631578956	223311793016
0.001	2000	1e-5	1	1573013812	0.94	TRUE	0.010526315789473694	81796718224
1e-6	10000	1e-5	1	999999992550	0.0625	FALSE	0.9342105263157895	51999999612600
1e-5	10000	1e-5	1	999999992550	0.6275	FALSE	0.3394736842105263	51999999612600
5e-5	10000	1e-5	1	72233008184	0.934	TRUE	0.016842105263157794	3756116425568
1e-4	10000	1e-5	1	20500185452	0.944	TRUE	0.0063157894736842165	1066009643504
5e-4	10000	1e-5	1	2662914532	0.956	TRUE	0.0063157894736842165	138471555664
0.001	10000	1e-5	1	1189621840	0.956	TRUE	0.0063157894736842165	61860335680
1e-6	50000	1e-5	1	999999992550	0.238	FALSE	0.7494736842105263	51999999612600
1e-5	50000	1e-5	1	398071719764	0.94	TRUE	0.010526315789473694	20699729427728
5e-5	50000	1e-5	1	30852215744	0.962	TRUE	0.012631578947368433	1604315218688
1e-4	50000	1e-5	1	13306158218	0.956	TRUE	0.0063157894736842165	691920227336
5e-4	50000	1e-5	1	2260449074	0.942	TRUE	0.008421052631578956	117543351848
0.001	50000	1e-5	1	1099723136	0.942	TRUE	0.008421052631578956	57185603072
1e-6	100000	1e-5	1	999999992550	0.292	FALSE	0.6926315789473684	51999999612600
1e-5	100000	1e-5	1	208967209322	0.95	TRUE	0	10866294884744
5e-5	100000	1e-5	1	26097761893	0.972	TRUE	0.023157894736842127	1357083618436
1e-4	100000	1e-5	1	11688219954	0.942	TRUE	0.008421052631578956	607787437608
5e-4	100000	1e-5	1	2214926028	0.956	TRUE	0.0063157894736842165	115176153456
0.001	100000	1e-5	1	1084896480	0.928	TRUE	0.02315789473684201	56414616960
1e-6	2000	1e-6	1	999999992550	0.0145	FALSE	0.9847368421052632	51999999612600
1e-5	2000	1e-6	1	999999992550	0.167	FALSE	0.8242105263157894	51999999612600
5e-5	2000	1e-6	1	999999992550	0.6265	FALSE	0.34052631578947373	51999999612600
1e-4	2000	1e-6	1	999999992550	0.8475	FALSE	0.10789473684210518	51999999612600
5e-4	2000	1e-6	1	43731631962	0.96	TRUE	0.010526315789473694	2274044862024
0.001	2000	1e-6	1	15547203430	0.946	TRUE	0.004210526315789478	808454578360
1e-6	10000	1e-6	1	999999992550	0.026	FALSE	0.9726315789473684	51999999612600
1e-5	10000	1e-6	1	999999992550	0.404	FALSE	0.5747368421052631	51999999612600
5e-5	10000	1e-6	1	837283143536	0.94	TRUE	0.010526315789473694	43538723463872
1e-4	10000	1e-6	1	211668968634	0.95	TRUE	0	11006786368968
5e-4	10000	1e-6	1	26326464912	0.94	TRUE	0.010526315789473694	1368976175424
0.001	10000	1e-6	1	11894094395	0.96	TRUE	0.010526315789473694	618492908540
1e-6	50000	1e-6	1	999999992550	0.0045	FALSE	0.9952631578947368	51999999612600
1e-5	50000	1e-6	1	999999992550	0.5	FALSE	0.47368421052631576	51999999612600
5e-5	50000	1e-6	1	305378227922	0.946	TRUE	0.004210526315789478	15879667851944
1e-4	50000	1e-6	1	131900088230	0.942	TRUE	0.008421052631578956	6858804587960
5e-4	50000	1e-6	1	22968786294	0.966	TRUE	0.01684210526315791	1194376887288
0.001	50000	1e-6	1	10848926958	0.93	TRUE	0.02105263157894727	564144201816
1e-6	100000	1e-6	1	999999992550	0	FALSE	1	51999999612600
1e-5	100000	1e-6	1	999999992550	0.539	FALSE	0.43263157894736837	51999999612600
5e-5	100000	1e-6	1	261168479858	0.95	TRUE	0	13580760952616
1e-4	100000	1e-6	1	116939069222	0.934	TRUE	0.016842105263157794	6080831599544
5e-4	100000	1e-6	1	22105472628	0.964	TRUE	0.014736842105263171	1149484576656
0.001	100000	1e-6	1	10821866450	0.944	TRUE	0.0063157894736842165	562737055400
1e-6	2000	1e-7	1	999999992550	0.001	FALSE	0.9989473684210526	51999999612600
1e-5	2000	1e-7	1	999999992550	0.033	FALSE	0.9652631578947368	51999999612600
5e-5	2000	1e-7	1	999999992550	0.205	FALSE	0.7842105263157895	51999999612600
1e-4	2000	1e-7	1	999999992550	0.464	FALSE	0.511578947368421	51999999612600
5e-4	2000	1e-7	1	462924076026	0.966	TRUE	0.01684210526315791	24072051953352
0.001	2000	1e-7	1	151851625282	0.948	TRUE	0.002105263157894739	7896284514664
1e-6	10000	1e-7	1	999999992550	0	FALSE	1	51999999612600
1e-5	10000	1e-7	1	999999992550	0	FALSE	1	51999999612600
5e-5	10000	1e-7	1	999999992550	0.085	FALSE	0.9105263157894737	51999999612600
1e-4	10000	1e-7	1	999999992550	0.536	FALSE	0.43578947368421045	51999999612600
5e-4	10000	1e-7	1	273437633926	0.96	TRUE	0.010526315789473694	14218756964152
0.001	10000	1e-7	1	119320498272	0.938	TRUE	0.012631578947368433	6204665910144
1e-6	50000	1e-7	1	999999992550	0	FALSE	1	51999999612600
1e-5	50000	1e-7	1	999999992550	0	FALSE	1	51999999612600
5e-5	50000	1e-7	1	999999992550	0.006	FALSE	0.9936842105263158	51999999612600
1e-4	50000	1e-7	1	999999992550	0.6515	FALSE	0.3142105263157895	51999999612600
5e-4	50000	1e-7	1	224120125482	0.934	TRUE	0.016842105263157794	11654246525064
0.001	50000	1e-7	1	109598712586	0.968	TRUE	0.01894736842105265	5699133054472
1e-6	100000	1e-7	1	999999992550	0	FALSE	1	51999999612600
1e-5	100000	1e-7	1	999999992550	0	FALSE	1	51999999612600
5e-5	100000	1e-7	1	999999992550	0	FALSE	1	51999999612600
1e-4	100000	1e-7	1	999999992550	0.7135	FALSE	0.24894736842105258	51999999612600
5e-4	100000	1e-7	1	222687259638	0.944	TRUE	0.0063157894736842165	11579737501176
0.001	100000	1e-7	1	109874741694	0.958	TRUE	0.008421052631578956	5713486568088
1e-6	2000	1e-8	1	999999992550	0	FALSE	1	51999999612600
1e-5	2000	1e-8	1	999999992550	0	FALSE	1	51999999612600
5e-5	2000	1e-8	1	999999992550	0	FALSE	1	51999999612600
1e-4	2000	1e-8	1	999999992550	0	FALSE	1	51999999612600
5e-4	2000	1e-8	1	999999992550	0.0345	FALSE	0.9636842105263158	51999999612600
0.001	2000	1e-8	1	999999992550	0.5915	FALSE	0.3773684210526315	51999999612600
1e-6	10000	1e-8	1	999999992550	0	FALSE	1	51999999612600
1e-5	10000	1e-8	1	999999992550	0	FALSE	1	51999999612600
5e-5	10000	1e-8	1	999999992550	0	FALSE	1	51999999612600
1e-4	10000	1e-8	1	999999992550	0	FALSE	1	51999999612600
5e-4	10000	1e-8	1	999999992550	0.0015	FALSE	0.998421052631579	51999999612600
0.001	10000	1e-8	1	999999992550	0.713	FALSE	0.24947368421052632	51999999612600
1e-6	50000	1e-8	1	999999992550	0	FALSE	1	51999999612600
1e-5	50000	1e-8	1	999999992550	0	FALSE	1	51999999612600
5e-5	50000	1e-8	1	999999992550	0	FALSE	1	51999999612600
1e-4	50000	1e-8	1	999999992550	0	FALSE	1	51999999612600
5e-4	50000	1e-8	1	999999992550	0	FALSE	1	51999999612600
0.001	50000	1e-8	1	999999992550	0.7915	FALSE	0.16684210526315787	51999999612600
1e-6	100000	1e-8	1	999999992550	0	FALSE	1	51999999612600
1e-5	100000	1e-8	1	999999992550	0	FALSE	1	51999999612600
5e-5	100000	1e-8	1	999999992550	0	FALSE	1	51999999612600
1e-4	100000	1e-8	1	999999992550	0	FALSE	1	51999999612600
5e-4	100000	1e-8	1	999999992550	0	FALSE	1	51999999612600
0.001	100000	1e-8	1	999999992550	0.821	FALSE	0.13578947368421054	51999999612600
1e-6	2000	1.2600000000000001e-5	1	999999992550	0.0145	FALSE	0.9847368421052632	51999999612600
1e-5	2000	1.2600000000000001e-5	1	999999992550	0.1985	FALSE	0.7910526315789473	51999999612600
5e-5	2000	1.2600000000000001e-5	1	999999992550	0.6705	FALSE	0.2942105263157895	51999999612600
1e-4	2000	1.2600000000000001e-5	1	999999992550	0.891	FALSE	0.06210526315789468	51999999612600
5e-4	2000	1.2600000000000001e-5	1	3791826494	0.952	TRUE	0.002105263157894739	197174977688
0.001	2000	1.2600000000000001e-5	1	1301425250	0.964	TRUE	0.014736842105263171	67674113000
1e-6	10000	1.2600000000000001e-5	1	999999992550	0.0685	FALSE	0.9278947368421052	51999999612600
1e-5	10000	1.2600000000000001e-5	1	999999992550	0.6445	FALSE	0.3215789473684211	51999999612600
5e-5	10000	1.2600000000000001e-5	1	78128354528	0.968	TRUE	0.01894736842105265	4062674435456
1e-4	10000	1.2600000000000001e-5	1	16958924528	0.94	TRUE	0.010526315789473694	881864075456
5e-4	10000	1.2600000000000001e-5	1	2057897593	0.944	TRUE	0.0063157894736842165	107010674836
0.001	10000	1.2600000000000001e-5	1	936838544	0.956	TRUE	0.0063157894736842165	48715604288
1e-6	50000	1.2600000000000001e-5	1	999999992550	0.256	FALSE	0.7305263157894737	51999999612600
1e-5	50000	1.2600000000000001e-5	1	363802864058	0.948	TRUE	0.002105263157894739	18917748931016
5e-5	50000	1.2600000000000001e-5	1	23162844116	0.932	TRUE	0.018947368421052532	1204467894032
1e-4	50000	1.2600000000000001e-5	1	10283353390	0.942	TRUE	0.008421052631578956	534734376280
5e-4	50000	1.2600000000000001e-5	1	1779484300	0.936	TRUE	0.014736842105263055	92533183600
0.001	50000	1.2600000000000001e-5	1	863733448	0.942	TRUE	0.008421052631578956	44914139296
1e-6	100000	1.2600000000000001e-5	1	999999992550	0.358	FALSE	0.6231578947368421	51999999612600
1e-5	100000	1.2600000000000001e-5	1	189300910296	0.932	TRUE	0.018947368421052532	9843647335392
5e-5	100000	1.2600000000000001e-5	1	21006616310	0.957	TRUE	0.007368421052631586	1092344048120
1e-4	100000	1.2600000000000001e-5	1	9645658204	0.97	TRUE	0.02105263157894739	501574226608
5e-4	100000	1.2600000000000001e-5	1	1757236868	0.962	TRUE	0.012631578947368433	91376317136
0.001	100000	1.2600000000000001e-5	1	846865334	0.937	TRUE	0.013684210526315686	44036997368
